x,y,z
357.0000,470.1076,264.3353
357.0000,469.3595,264.0171
357.0000,468.6144,263.6919
357.0000,467.8873,263.3284
357.0000,467.1990,262.8973
357.0000,466.5078,262.4694
357.0000,465.8632,261.9741
357.0000,465.2463,261.4450
357.0000,464.6711,260.8706
357.0000,464.0924,260.2997
357.0000,463.5707,259.6766
357.0000,463.0569,259.0467
357.0000,462.5788,258.3896
357.0000,462.0815,257.7467
357.0000,461.4781,257.2058
357.0000,460.8317,256.7130
357.0000,460.1459,256.2783
357.0000,459.4157,255.9255
357.0000,458.7137,255.5220
357.0000,458.0690,255.0284
357.0000,457.4505,254.5014
357.0000,456.8315,253.9753
357.0000,456.2522,253.4050
357.0000,455.6457,252.8638
357.0000,455.0648,252.2953
357.0000,454.4588,251.7533
357.0000,453.8720,251.1912
357.0000,453.2542,250.6644
357.0000,452.6541,250.1167
357.0000,452.0736,249.5476
357.0000,451.5063,248.9653
357.0000,450.8915,248.4348
357.0000,450.1857,248.0360
357.0000,449.4188,247.7671
357.0000,448.7056,247.3798
357.0000,448.0482,246.9032
357.0000,447.4155,246.3935
357.0000,446.8153,245.8450
357.0000,446.1951,245.3196
357.0000,445.5903,244.7766
357.0000,444.9855,244.2332
357.0000,444.3608,243.7142
357.0000,443.7490,243.1812
357.0000,443.0950,242.7008
357.0000,442.4464,242.2109
357.0000,441.8270,241.6850
357.0000,441.1876,241.1850
357.0000,440.5626,240.6666
357.0000,439.9651,240.1160
357.0000,439.3985,239.5348
357.0000,438.8069,238.9798
357.0000,438.1782,238.4643
357.0000,437.5540,237.9445
357.0000,436.8927,237.4721
357.0000,436.2074,237.0347
357.0000,435.5406,236.5704
357.0000,434.8912,236.0811
357.0000,434.2751,235.5508
357.0000,433.6753,235.0021
357.0000,433.0867,234.4413
357.0000,432.5031,233.8757
357.0000,431.9549,233.2754
357.0000,431.3884,232.6927
357.0000,430.8193,232.1126
357.0000,430.2448,231.5374
357.0000,429.6380,230.9964
357.0000,429.0036,230.4886
357.0000,428.3803,229.9668
357.0000,427.7621,229.4389
357.0000,427.1331,228.9239
357.0000,426.4817,228.4378
357.0000,425.8506,227.9252
357.0000,425.2049,227.4322
357.0000,424.5609,226.9366
357.0000,423.9148,226.4443
357.0000,423.2776,225.9396
357.0000,422.6330,225.4450
357.0000,422.0090,224.9239
357.0000,421.4194,224.3644
357.0000,420.7981,223.8403
357.0000,420.1717,223.3220
357.0000,419.5207,222.8351
357.0000,418.8531,222.3712
357.0000,418.1787,221.9171
357.0000,417.5056,221.4611
357.0000,416.8584,220.9698
355.9796,416.9083,221.0127
354.9766,417.0590,221.1423
354.0083,417.3080,221.3563
353.0882,417.6465,221.6473
352.2250,418.0624,222.0049
351.4219,418.5427,222.4178
350.6782,419.0753,222.8757
349.9908,419.6499,223.3697
349.3557,420.2580,223.8925
348.7683,420.8932,224.4386
348.2243,421.5503,225.0035
347.7196,422.2252,225.5837
347.2507,422.9148,226.1766
346.8143,423.6166,226.7799
346.4078,424.3286,227.3920
346.0286,425.0492,228.0115
345.6745,425.7772,228.6374
345.3439,426.5114,229.2686
345.0349,427.2511,229.9045
344.7462,427.9955,230.5445
344.4765,428.7439,231.1879
344.2247,429.4960,231.8345
343.9898,430.2511,232.4837
343.7710,431.0091,233.1353
343.5674,431.7695,233.7890
343.3784,432.5320,234.4446
343.2035,433.2965,235.1018
343.0419,434.0627,235.7605
342.8933,434.8304,236.4205
342.7572,435.5994,237.0816
342.6333,436.3696,237.7438
342.5211,437.1408,238.4068
342.4205,437.9129,239.0706
342.3311,438.6859,239.7351
342.2528,439.4595,240.4002
342.1852,440.2337,241.0658
342.1284,441.0084,241.7319
342.0820,441.7835,242.3982
342.0461,442.5590,243.0649
342.0205,443.3346,243.7317
342.0051,444.1104,244.3987
342.0000,444.8863,245.0658
342.0051,445.6622,245.7328
342.0205,446.4380,246.3998
342.0461,447.2137,247.0666
342.0820,447.9891,247.7333
342.1284,448.7642,248.3996
342.1852,449.5389,249.0657
342.2528,450.3132,249.7313
342.3311,451.0868,250.3964
342.4205,451.8597,251.0609
342.5211,452.6319,251.7247
342.6333,453.4031,252.3877
342.7572,454.1733,253.0499
342.8933,454.9423,253.7110
343.0419,455.7100,254.3710
343.2035,456.4761,255.0297
343.3784,457.2406,255.6869
343.5674,458.0032,256.3425
343.7710,458.7636,256.9962
343.9898,459.5215,257.6478
344.2247,460.2767,258.2970
344.4765,461.0287,258.9436
344.7462,461.7772,259.5870
345.0349,462.5216,260.2270
345.3439,463.2612,260.8629
345.6745,463.9955,261.4941
346.0286,464.7235,262.1200
346.4078,465.4441,262.7395
346.8143,466.1561,263.3516
347.2507,466.8579,263.9550
347.7196,467.5475,264.5478
348.2243,468.2224,265.1280
348.7683,468.8794,265.6929
349.3557,469.5146,266.2390
349.9908,470.1228,266.7619
350.6782,470.6974,267.2558
351.4219,471.2299,267.7137
352.2250,471.7102,268.1266
353.0882,472.1262,268.4842
354.0083,472.4647,268.7752
354.9766,472.7136,268.9892
355.9796,472.8644,269.1189
357.0000,472.9142,269.1617
357.0000,472.9285,269.9821
357.0000,472.9418,270.8025
357.0000,472.9497,271.6230
357.0000,472.9486,272.4435
357.0000,472.9357,273.2640
357.0000,472.8987,274.0836
357.0000,472.8442,274.9023
357.0000,472.8037,275.7217
357.0000,472.7335,276.5392
357.0000,472.6462,277.3551
357.0000,472.5463,278.1695
357.0000,472.4400,278.9831
357.0000,472.3375,279.7972
357.0000,472.2647,280.6144
357.0000,472.2097,281.4330
357.0000,472.1557,282.2517
357.0000,472.1252,283.0716
357.0000,472.1210,283.8921
357.0000,472.1500,284.7119
357.0000,472.1500,285.5324
357.0000,472.1500,286.3530
357.0000,472.1738,287.1728
357.0000,472.1763,287.9932
357.0000,472.1385,288.8128
357.0000,472.0794,289.6312
357.0000,472.0136,290.4491
357.0000,471.9476,291.2670
357.0000,471.8801,292.0848
357.0000,471.8143,292.9026
357.0000,471.7589,293.7213
357.0000,471.7292,294.5412
357.0000,471.7910,295.3579
357.0000,471.7169,296.1741
357.0000,471.5773,296.9826
357.0000,471.4684,297.7944
357.0000,471.5071,298.6127
357.0000,471.2880,299.3967
357.0000,470.5615,299.6011
357.0000,469.8047,299.2935
357.0000,469.0945,298.8828
357.0000,468.4424,298.3854
357.0000,467.8205,297.8502
357.0000,467.2341,297.2766
357.0000,466.6802,296.6713
357.0000,466.1719,296.0284
357.0000,465.6683,295.3807
357.0000,465.1325,294.7596
357.0000,464.5562,294.1759
357.0000,463.9736,293.5981
357.0000,463.3782,293.0338
357.0000,462.7282,292.5343
357.0000,462.0549,292.0658
357.0000,461.3478,291.6506
357.0000,460.6268,291.2604
357.0000,459.9214,290.8418
357.0000,459.2514,290.3683
357.0000,458.6079,289.8593
357.0000,457.9811,289.3299
355.9690,457.9907,289.3098
354.9401,458.0203,289.2478
353.9158,458.0713,289.1410
352.8990,458.1452,288.9863
351.8932,458.2433,288.7811
350.9028,458.3668,288.5225
349.9324,458.5172,288.2078
348.9877,458.6953,287.8351
348.0748,458.9018,287.4027
347.2004,459.1373,286.9098
346.3715,459.4017,286.3566
345.5955,459.6943,285.7441
344.8797,460.0142,285.0747
344.2309,460.3596,284.3517
343.6555,460.7283,283.5799
343.1592,461.1179,282.7645
342.7468,461.5252,281.9120
342.4222,461.9471,281.0291
342.1883,462.3799,280.1231
342.0472,462.8202,279.2017
342.0000,463.2641,278.2725
342.0472,463.7081,277.3433
342.1883,464.1484,276.4218
342.4222,464.5812,275.5159
342.7468,465.0030,274.6330
343.1592,465.4104,273.7804
343.6555,465.7999,272.9651
344.2309,466.1687,272.1932
344.8797,466.5141,271.4703
345.5955,466.8340,270.8009
346.3715,467.1266,270.1884
347.2004,467.3909,269.6351
348.0748,467.6264,269.1422
348.9877,467.8330,268.7099
349.9324,468.0111,268.3371
350.9028,468.1614,268.0225
351.8932,468.2850,267.7639
352.8990,468.3831,267.5586
353.9158,468.4569,267.4040
354.9401,468.5080,267.2971
355.9690,468.5376,267.2351
357.0000,468.5472,267.2151
357.0000,468.5075,268.0209
357.0000,468.5010,268.8277
357.0000,468.5186,269.6344
357.0000,468.5539,270.4405
357.0000,468.6017,271.2460
357.0000,468.6581,272.0510
357.0000,468.7193,272.8556
357.0000,468.7818,273.6601
357.0000,468.8414,274.4648
357.0000,468.8705,275.2711
357.0000,468.8911,276.0778
357.0000,468.8396,276.8823
357.0000,468.6954,277.6756
357.0000,468.4522,278.4441
357.0000,468.1412,279.1882
357.0000,467.8381,279.9359
357.0000,467.5608,280.6937
357.0000,467.2920,281.4543
357.0000,467.1211,282.2425
357.0000,466.8177,282.9873
357.0000,466.5140,283.7331
357.0000,466.2020,284.4759
357.0000,465.7573,285.1479
357.0000,465.2216,285.7504
357.0000,464.5619,286.2116
357.0000,463.7980,286.4562
357.0000,462.9938,286.5117
357.0000,462.1869,286.5184
357.0000,461.3806,286.5321
357.0000,460.5758,286.4823
357.0000,459.7693,286.4729
357.0000,458.9675,286.5461
357.0000,458.1987,286.7884
357.0000,457.4590,287.1098
357.0000,456.7304,287.4562
357.0000,456.0120,287.8236
357.0000,455.3085,288.2188
357.0000,454.6062,288.6160
357.0000,453.9071,289.0189
357.0000,453.2322,289.4608
357.0000,452.5945,289.9526
357.0000,452.0090,290.5070
357.0000,451.5026,291.1329
357.0000,451.1045,291.8345
357.0000,450.7766,292.5715
357.0000,450.4262,293.2980
357.0000,450.0608,294.0168
357.0000,449.7439,294.7587
357.0000,449.3424,295.4581
357.0000,448.8735,296.1148
357.0000,448.3470,296.7254
357.0000,447.8165,297.3331
357.0000,447.2648,297.9219
357.0000,446.7285,298.5247
357.0000,446.2177,299.1493
357.0000,445.7055,299.7729
357.0000,445.2021,300.4034
357.0000,444.7201,301.0505
357.0000,444.2426,301.7008
357.0000,443.8133,302.3835
357.0000,443.4566,303.1065
357.0000,443.1908,303.8679
357.0000,442.9433,304.6359
357.0000,442.6935,305.4030
357.0000,442.4412,306.1695
357.0000,442.1675,306.9284
357.0000,441.8306,307.6612
357.0000,441.5084,308.4010
357.0000,441.1597,309.1276
357.0000,440.7428,309.8184
357.0000,440.2590,310.4638
357.0000,439.6606,310.9996
357.0000,438.9054,311.2753
357.0000,438.1123,311.4164
357.0000,437.3073,311.4605
357.0000,436.5008,311.4461
357.0000,435.6945,311.4157
357.0000,434.8880,311.4230
357.0000,434.0831,311.4782
357.0000,433.2808,311.5639
357.0000,432.4741,311.5648
357.0000,431.6702,311.5003
357.0000,430.8854,311.3157
357.0000,430.1229,311.0533
357.0000,429.3826,310.7333
357.0000,428.6555,310.3834
357.0000,427.9570,309.9812
357.0000,427.2905,309.5268
357.0000,426.6454,309.0424
357.0000,426.0245,308.5275
357.0000,425.4266,307.9859
357.0000,424.8445,307.4271
357.0000,424.2828,306.8482
357.0000,423.7504,306.2421
357.0000,423.2357,305.6206
357.0000,422.7205,304.9996
357.0000,422.2209,304.3664
357.0000,421.7690,303.6991
357.0000,421.3656,303.0002
357.0000,420.9762,302.2935
357.0000,420.6290,301.5652
357.0000,420.2906,300.8327
357.0000,419.9566,300.0982
357.0000,419.6404,299.3558
357.0000,419.3287,298.6115
357.0000,419.0251,297.8639
357.0000,418.7286,297.1134
357.0000,418.4386,296.3604
357.0000,418.1569,295.6043
357.0000,417.8787,294.8469
357.0000,417.6250,294.0809
357.0000,417.3750,293.3137
357.0000,417.1363,292.5429
357.0000,416.8980,291.7719
357.0000,416.6620,291.0003
357.0000,416.4222,290.2298
357.0000,416.1767,289.4612
357.0000,415.9162,288.6975
357.0000,415.6489,287.9362
357.0000,415.3784,287.1759
357.0000,415.1186,286.4121
357.0000,414.8676,285.6452
357.0000,414.6145,284.8790
357.0000,414.3563,284.1145
357.0000,414.0903,283.3527
357.0000,413.8112,282.5955
357.0000,413.5063,281.8486
357.0000,413.1592,281.1204
357.0000,412.7070,280.4544
355.9712,412.7467,280.4394
354.9498,412.8687,280.3934
353.9443,413.0757,280.3152
352.9632,413.3679,280.2049
352.0150,413.7433,280.0632
351.1069,414.1973,279.8918
350.2445,414.7236,279.6931
349.4314,415.3147,279.4699
348.6696,415.9629,279.2252
347.9594,416.6605,278.9619
347.3000,417.4005,278.6825
346.6899,418.1767,278.3895
346.1270,418.9836,278.0849
345.6092,419.8164,277.7704
345.1342,420.6713,277.4477
344.6998,421.5449,277.1179
344.3038,422.4344,276.7821
343.9442,423.3373,276.4412
343.6194,424.2517,276.0960
343.3278,425.1758,275.7471
343.0679,426.1082,275.3952
342.8384,427.0475,275.0405
342.6383,427.9927,274.6837
342.4667,428.9428,274.3250
342.3228,429.8969,273.9648
342.2059,430.8543,273.6034
342.1156,431.8141,273.2410
342.0513,432.7758,272.8780
342.0128,433.7387,272.5144
342.0000,434.7022,272.1507
342.0128,435.6657,271.7870
342.0513,436.6286,271.4234
342.1156,437.5903,271.0604
342.2059,438.5501,270.6980
342.3228,439.5075,270.3366
342.4667,440.4616,269.9764
342.6383,441.4117,269.6177
342.8384,442.3569,269.2609
343.0679,443.2962,268.9062
343.3278,444.2286,268.5543
343.6194,445.1527,268.2054
343.9442,446.0671,267.8602
344.3038,446.9700,267.5193
344.6998,447.8595,267.1835
345.1342,448.7331,266.8537
345.6092,449.5880,266.5310
346.1270,450.4208,266.2165
346.6899,451.2277,265.9119
347.3000,452.0039,265.6189
347.9594,452.7439,265.3395
348.6696,453.4415,265.0762
349.4314,454.0897,264.8315
350.2445,454.6808,264.6083
351.1069,455.2071,264.4096
352.0150,455.6611,264.2382
352.9632,456.0365,264.0965
353.9443,456.3287,263.9862
354.9498,456.5357,263.9080
355.9712,456.6577,263.8620
357.0000,456.6974,263.8470
357.0000,455.9263,264.1252
357.0000,455.1579,264.4110
357.0000,454.3922,264.7039
357.0000,453.6274,264.9990
357.0000,452.8538,265.2697
357.0000,452.0493,265.4173
357.0000,451.2301,265.4404
357.0000,450.4105,265.4507
357.0000,449.5912,265.4685
357.0000,448.7761,265.5508
357.0000,447.9686,265.6901
357.0000,447.1755,265.8960
357.0000,446.3978,266.1550
357.0000,445.6221,266.4200
357.0000,444.8451,266.6815
357.0000,444.0666,266.9381
357.0000,443.2801,267.1693
357.0000,442.4897,267.3868
357.0000,441.6989,267.6017
357.0000,440.8987,267.7799
357.0000,440.1003,267.9659
357.0000,439.2971,268.1294
357.0000,438.4888,268.2655
357.0000,437.6809,268.4027
357.0000,436.8749,268.5504
357.0000,436.0762,268.7345
357.0000,435.2756,268.9107
357.0000,434.4736,269.0794
357.0000,433.6709,269.2439
357.0000,432.8630,269.3831
357.0000,432.0532,269.5110
357.0000,431.2440,269.6416
357.0000,430.4422,269.8117
357.0000,429.6492,270.0196
357.0000,428.8586,270.2364
357.0000,428.0668,270.4488
357.0000,427.2798,270.6779
357.0000,426.4929,270.9078
357.0000,425.7025,271.1254
357.0000,424.9073,271.3245
357.0000,424.1099,271.5145
357.0000,423.3073,271.6815
357.0000,422.5046,271.8479
357.0000,421.7049,272.0283
357.0000,420.9022,272.1948
357.0000,420.0930,272.3255
357.0000,419.2836,272.4556
357.0000,418.4733,272.5801
357.0000,417.6628,272.7031
357.0000,416.8533,272.8328
357.0000,416.0455,272.9721
357.0000,415.2401,273.1253
357.0000,414.4344,273.2768
357.0000,413.6307,273.4385
357.0000,412.8266,273.5980
357.0000,412.0194,273.7407
357.0000,411.2086,273.8594
357.0000,410.3894,273.8913
357.0000,409.5701,273.9097
357.0000,408.7516,273.8800
357.0000,407.9330,273.8498
357.0000,407.1145,273.8635
357.0000,406.3088,274.0039
357.0000,405.5890,274.3845
357.0000,405.0529,274.9994
355.9637,405.0622,275.0215
354.9298,405.0911,275.0898
353.9011,405.1409,275.2073
352.8811,405.2128,275.3772
351.8738,405.3081,275.6024
350.8838,405.4278,275.8853
349.9166,405.5730,276.2283
348.9778,405.7443,276.6329
348.0739,405.9419,277.0999
347.2114,406.1660,277.6291
346.3969,406.4158,278.2194
345.6369,406.6904,278.8683
344.9374,406.9885,279.5725
344.3040,407.3083,280.3279
343.7411,407.6475,281.1293
343.2526,408.0038,281.9711
342.8417,408.3746,282.8473
342.5106,408.7574,283.7517
342.2611,409.1495,284.6780
342.0941,409.5482,285.6200
342.0105,409.9509,286.5713
342.0105,410.3549,287.5257
342.0941,410.7576,288.4771
342.2611,411.1563,289.4190
342.5106,411.5484,290.3454
342.8417,411.9312,291.2498
343.2526,412.3020,292.1260
343.7411,412.6583,292.9678
344.3040,412.9975,293.7691
344.9374,413.3173,294.5245
345.6369,413.6154,295.2288
346.3969,413.8900,295.8777
347.2114,414.1398,296.4679
348.0739,414.3639,296.9972
348.9778,414.5615,297.4641
349.9166,414.7328,297.8687
350.8838,414.8780,298.2118
351.8738,414.9977,298.4947
352.8811,415.0930,298.7198
353.9011,415.1649,298.8897
354.9298,415.2147,299.0072
355.9637,415.2436,299.0755
357.0000,415.2529,299.0976
357.0000,414.9765,299.8570
357.0000,414.7446,300.6310
357.0000,414.5650,301.4187
357.0000,414.4496,302.2185
357.0000,414.3874,303.0241
357.0000,414.3553,303.8317
357.0000,414.3337,304.6396
357.0000,414.2542,305.4413
357.0000,414.0844,306.2314
357.0000,413.9158,307.0218
357.0000,413.7580,307.8144
357.0000,413.6226,308.6111
357.0000,413.5001,309.4100
357.0000,413.3729,310.2081
357.0000,413.2222,311.0014
357.0000,412.9819,311.7722
357.0000,412.5885,312.4770
357.0000,412.0253,313.0524
357.0000,411.3457,313.4883
357.0000,410.5987,313.7802
357.0000,409.7965,313.8306
357.0000,409.0207,313.6493
357.0000,408.3666,313.1844
357.0000,407.8682,312.5541
357.0000,407.4822,311.8453
357.0000,407.1671,311.1018
357.0000,406.9191,310.3338
357.0000,406.7508,309.5446
357.0000,406.6514,308.7432
357.0000,406.6217,307.9367
357.0000,406.6688,307.1300
357.0000,406.7488,306.3258
357.0000,406.8339,305.5222
357.0000,406.8580,304.7159
357.0000,406.8021,303.9100
357.0000,406.7042,303.1078
357.0000,406.5838,302.3087
357.0000,406.4459,301.5124
357.0000,406.2797,300.7216
357.0000,406.0845,299.9374
357.0000,405.8733,299.1572
357.0000,405.6710,298.3748
357.0000,405.4965,297.5858
357.0000,405.3398,296.7929
357.0000,405.1655,296.0037
357.0000,405.0186,295.2097
357.0000,404.8846,294.4128
357.0000,404.7546,293.6151
357.0000,404.6249,292.8174
357.0000,404.4175,292.0382
357.0000,404.0604,291.3147
357.0000,403.6821,290.6008
357.0000,403.3232,289.8766
357.0000,402.9651,289.1521
357.0000,402.6096,288.4263
357.0000,402.3138,287.6744
357.0000,402.0411,286.9137
357.0000,401.8128,286.1387
357.0000,401.6184,285.3542
357.0000,401.3934,284.5780
357.0000,401.1961,283.7943
357.0000,401.0000,283.0102
357.0000,400.8106,282.2245
357.0000,400.6092,281.4418
357.0000,400.3949,280.6626
357.0000,400.1778,279.8841
357.0000,399.9794,279.1006
357.0000,399.7995,278.3127
357.0000,399.6472,277.5190
357.0000,399.5014,276.7241
357.0000,399.3816,275.9249
357.0000,399.3135,275.1199
357.0000,399.2927,274.3120
357.0000,399.2829,273.5039
357.0000,399.2893,272.6958
357.0000,399.2963,271.8877
357.0000,399.3200,271.0801
357.0000,399.3506,270.2726
357.0000,399.3604,269.4645
357.0000,399.3385,268.6567
357.0000,399.2908,267.8499
357.0000,399.2536,267.0426
357.0000,399.2015,266.2360
357.0000,399.1345,265.4306
357.0000,399.0577,264.6261
357.0000,398.9746,263.8221
357.0000,398.8882,263.0185
357.0000,398.8000,262.2151
357.0000,398.7152,261.4114
357.0000,398.6584,260.6052
357.0000,398.5884,259.8000
357.0000,398.5128,258.9953
357.0000,398.4372,258.1907
357.0000,398.3631,257.3859
357.0000,398.2907,256.5809
357.0000,398.2224,255.7755
357.0000,398.1563,254.9700
357.0000,398.0841,254.1650
357.0000,398.0113,253.3601
357.0000,397.9378,252.5552
357.0000,397.8785,251.7492
357.0000,397.8251,250.9428
357.0000,397.7808,250.1358
357.0000,397.7325,249.3290
357.0000,397.6903,248.5219
357.0000,397.6662,247.7141
357.0000,397.6471,246.9061
357.0000,397.6311,246.0980
357.0000,397.6211,245.2899
357.0000,397.6022,244.4819
357.0000,397.5797,243.6740
357.0000,397.5594,242.8660
357.0000,397.5417,242.0580
357.0000,397.5278,241.2499
357.0000,397.5218,240.4417
357.0000,397.5430,239.6338
357.0000,397.5688,238.8260
357.0000,397.5785,238.0178
357.0000,397.5792,237.2096
357.0000,397.5630,236.4016
357.0000,397.5156,235.5949
357.0000,397.3885,234.7982
357.0000,396.8996,234.2619
355.9487,396.9146,234.2732
354.8989,396.9611,234.3084
353.8524,397.0413,234.3691
352.8112,397.1579,234.4573
351.7781,397.3137,234.5751
350.7564,397.5114,234.7247
349.7501,397.7542,234.9084
348.7643,398.0455,235.1287
347.8049,398.3883,235.3880
346.8794,398.7860,235.6888
345.9967,399.2411,236.0331
345.1672,399.7560,236.4225
344.4032,400.3317,236.8580
343.7187,400.9677,237.3391
343.1286,401.6612,237.8637
342.6484,402.4067,238.4275
342.2928,403.1952,239.0240
342.0739,404.0147,239.6439
342.0000,404.8506,240.2762
342.0739,405.6864,240.9084
342.2928,406.5060,241.5283
342.6484,407.2945,242.1248
343.1286,408.0399,242.6886
343.7187,408.7334,243.2132
344.4032,409.3694,243.6943
345.1672,409.9451,244.1298
345.9967,410.4600,244.5192
346.8794,410.9152,244.8635
347.8049,411.3128,245.1643
348.7643,411.6557,245.4236
349.7501,411.9469,245.6439
350.7564,412.1897,245.8276
351.7781,412.3875,245.9772
352.8112,412.5432,246.0950
353.8524,412.6598,246.1832
354.8989,412.7401,246.2439
355.9487,412.7865,246.2791
357.0000,412.8016,246.2904
357.0000,413.1335,247.0558
357.0000,413.2495,247.8863
357.0000,413.2838,248.7250
357.0000,413.2963,249.5644
357.0000,413.3260,250.4033
357.0000,413.3687,251.2418
357.0000,413.4146,252.0801
357.0000,413.4572,252.9185
357.0000,413.4991,253.7570
357.0000,413.5650,254.5939
357.0000,413.6304,255.4309
357.0000,413.6947,256.2680
357.0000,413.7574,257.1052
357.0000,413.8186,257.9425
357.0000,413.8789,258.7798
357.0000,413.9439,259.6168
357.0000,414.0079,260.4539
357.0000,414.0686,261.2913
357.0000,414.1242,262.1289
357.0000,414.1716,262.9671
357.0000,414.2045,263.8060
357.0000,414.2084,264.6454
357.0000,414.0074,265.3839
355.9804,414.0041,265.3244
354.9752,413.9938,265.1437
353.9993,413.9767,264.8432
353.0654,413.9532,264.4303
352.1826,413.9241,263.9172
351.3558,413.8900,263.3183
350.5860,413.8519,262.6476
349.8718,413.8104,261.9181
349.2104,413.7662,261.1407
348.5979,413.7198,260.3241
348.0306,413.6715,259.4755
347.5047,413.6218,258.6008
347.0168,413.5708,257.7044
346.5638,413.5188,256.7899
346.1427,413.4660,255.8603
345.7513,413.4124,254.9178
345.3871,413.3582,253.9646
345.0484,413.3035,253.0020
344.7335,413.2483,252.0313
344.4407,413.1927,251.0538
344.1690,413.1368,250.0703
343.9169,413.0806,249.0815
343.6836,413.0241,248.0882
343.4681,412.9674,247.0909
343.2696,412.9105,246.0900
343.0874,412.8535,245.0861
342.9210,412.7962,244.0794
342.7696,412.7389,243.0704
342.6328,412.6814,242.0593
342.5103,412.6238,241.0463
342.4016,412.5661,240.0319
342.3064,412.5084,239.0160
342.2245,412.4505,237.9990
342.1555,412.3927,236.9810
342.0993,412.3347,235.9623
342.0558,412.2768,234.9429
342.0248,412.2188,233.9231
342.0062,412.1608,232.9030
342.0000,412.1028,231.8827
342.0062,412.0448,230.8625
342.0248,411.9868,229.8423
342.0558,411.9288,228.8225
342.0993,411.8709,227.8032
342.1555,411.8130,226.7844
342.2245,411.7551,225.7664
342.3064,411.6973,224.7494
342.4016,411.6395,223.7336
342.5103,411.5818,222.7191
342.6328,411.5242,221.7062
342.7696,411.4668,220.6951
342.9210,411.4094,219.6860
343.0874,411.3522,218.6794
343.2696,411.2951,217.6754
343.4681,411.2382,216.6746
343.6836,411.1815,215.6772
343.9169,411.1250,214.6839
344.1690,411.0688,213.6951
344.4407,411.0129,212.7116
344.7335,410.9573,211.7341
345.0484,410.9021,210.7635
345.3871,410.8474,209.8009
345.7513,410.7932,208.8476
346.1427,410.7396,207.9052
346.5638,410.6868,206.9755
347.0168,410.6348,206.0611
347.5047,410.5838,205.1646
348.0306,410.5341,204.2899
348.5979,410.4858,203.4414
349.2104,410.4394,202.6248
349.8718,410.3952,201.8473
350.5860,410.3537,201.1178
351.3558,410.3156,200.4472
352.1826,410.2816,199.8482
353.0654,410.2524,199.3352
353.9993,410.2289,198.9223
354.9752,410.2118,198.6217
355.9804,410.2016,198.4411
357.0000,410.1982,198.3816
357.0000,410.2535,199.2385
357.0000,410.2427,200.0981
357.0000,410.2204,200.9575
357.0000,410.2025,201.8170
357.0000,410.1818,202.6764
357.0000,410.2125,203.5348
357.0000,410.2901,204.3910
357.0000,410.4154,205.2414
357.0000,410.5485,206.0907
357.0000,410.7008,206.9368
357.0000,410.8672,207.7802
357.0000,411.0310,208.6241
357.0000,411.1957,209.4679
357.0000,411.3689,210.3100
357.0000,411.5526,211.1498
357.0000,411.7435,211.9880
357.0000,411.9228,212.8288
357.0000,412.0873,213.6726
357.0000,412.2436,214.5179
357.0000,412.3694,215.3682
357.0000,412.4830,216.2203
357.0000,412.5647,217.0759
357.0000,412.6059,217.9345
357.0000,412.6010,218.7940
357.0000,412.5298,219.6504
355.9694,412.5248,219.6288
354.9409,412.5094,219.5619
353.9168,412.4829,219.4467
352.9004,412.4445,219.2799
351.8949,412.3935,219.0586
350.9047,412.3293,218.7797
349.9345,412.2512,218.4404
348.9900,412.1586,218.0384
348.0771,412.0512,217.5720
347.2027,411.9288,217.0404
346.3737,411.7913,216.4436
345.5976,411.6391,215.7828
344.8815,411.4728,215.0605
344.2324,411.2932,214.2804
343.6568,411.1013,213.4474
343.1602,410.8987,212.5674
342.7475,410.6868,211.6472
342.4226,410.4673,210.6941
342.1885,410.2421,209.7161
342.0473,410.0130,208.7213
342.0000,409.7819,207.7181
342.0473,409.5509,206.7148
342.1885,409.3218,205.7200
342.4226,409.0966,204.7420
342.7475,408.8771,203.7889
343.1602,408.6652,202.8687
343.6568,408.4626,201.9887
344.2324,408.2707,201.1557
344.8815,408.0911,200.3756
345.5976,407.9247,199.6533
346.3737,407.7726,198.9925
347.2027,407.6351,198.3957
348.0771,407.5127,197.8641
348.9900,407.4053,197.3977
349.9345,407.3127,196.9957
350.9047,407.2346,196.6564
351.8949,407.1704,196.3775
352.9004,407.1194,196.1562
353.9168,407.0810,195.9894
354.9409,407.0545,195.8742
355.9694,407.0391,195.8073
357.0000,407.0341,195.7857
357.0000,406.2216,195.9683
357.0000,405.4034,196.1223
357.0000,404.5749,196.2013
357.0000,403.7474,196.1411
357.0000,402.9512,195.8997
357.0000,402.1881,195.5674
357.0000,401.4498,195.1825
357.0000,400.7894,194.6756
357.0000,400.1255,194.1742
357.0000,399.5388,193.5855
357.0000,398.9841,192.9661
357.0000,398.4315,192.3440
357.0000,398.0021,191.6333
357.0000,397.7260,190.8489
357.0000,397.5072,190.0455
357.0000,397.3000,189.2390
357.0000,397.1114,188.4279
357.0000,396.9346,187.6145
357.0000,396.7594,186.8009
357.0000,396.5954,185.9846
357.0000,396.4722,185.1616
357.0000,396.2305,184.3692
357.0000,395.8497,183.6309
357.0000,395.3131,182.9994
357.0000,394.6475,182.5006
357.0000,393.8532,182.2833
357.0000,393.0366,182.4008
357.0000,392.2358,182.6284
357.0000,391.4411,182.8774
357.0000,390.6373,183.0932
357.0000,389.8153,183.0866
355.9713,389.8224,183.1296
354.9504,389.8442,183.2613
353.9460,389.8813,183.4847
352.9672,389.9335,183.7996
352.0224,390.0004,184.2033
351.1190,390.0812,184.6904
350.2622,390.1746,185.2538
349.4555,390.2792,185.8851
348.7005,390.3937,186.5758
347.9970,390.5167,187.3177
347.3442,390.6470,188.1034
346.7402,390.7834,188.9262
346.1828,390.9250,189.7805
345.6697,391.0711,190.6614
345.1985,391.2208,191.5648
344.7670,391.3738,192.4874
344.3730,391.5294,193.4261
344.0145,391.6873,194.3785
343.6897,391.8472,195.3427
343.3971,392.0087,196.3169
343.1352,392.1716,197.2995
342.9028,392.3357,198.2894
342.6988,392.5008,199.2853
342.5222,392.6667,200.2863
342.3723,392.8334,201.2915
342.2483,393.0006,202.3002
342.1498,393.1683,203.3116
342.0763,393.3363,204.3250
342.0274,393.5045,205.3399
342.0031,393.6729,206.3557
342.0031,393.8414,207.3717
342.0274,394.0098,208.3875
342.0763,394.1780,209.4024
342.1498,394.3461,210.4159
342.2483,394.5137,211.4273
342.3723,394.6810,212.4359
342.5222,394.8476,213.4412
342.6988,395.0136,214.4422
342.9028,395.1787,215.4381
343.1352,395.3428,216.4279
343.3971,395.5057,217.4105
343.6897,395.6672,218.3847
344.0145,395.8270,219.3489
344.3730,395.9849,220.3014
344.7670,396.1405,221.2401
345.1985,396.2935,222.1626
345.6697,396.4433,223.0660
346.1828,396.5893,223.9469
346.7402,396.7309,224.8012
347.3442,396.8673,225.6240
347.9970,396.9976,226.4097
348.7005,397.1206,227.1517
349.4555,397.2351,227.8424
350.2622,397.3398,228.4736
351.1190,397.4332,229.0370
352.0224,397.5139,229.5241
352.9672,397.5808,229.9279
353.9460,397.6331,230.2428
354.9504,397.6701,230.4661
355.9713,397.6919,230.5979
357.0000,397.6990,230.6408
357.0000,397.1859,229.9926
357.0000,396.6520,229.3615
357.0000,396.0875,228.7576
357.0000,395.4639,228.2158
357.0000,394.7541,227.7993
357.0000,393.9450,227.6910
357.0000,393.1386,227.8287
357.0000,392.3165,227.9059
357.0000,391.4938,227.9800
357.0000,390.6800,228.1205
357.0000,389.8548,228.1611
357.0000,389.0285,228.1539
357.0000,388.2070,228.0679
357.0000,387.3970,227.9087
357.0000,386.6173,227.6341
357.0000,385.8570,227.3102
357.0000,385.1088,226.9585
357.0000,384.3705,226.5864
357.0000,383.5834,226.3386
357.0000,382.8891,225.8918
357.0000,382.2249,225.4018
357.0000,381.6932,224.7711
357.0000,381.2043,224.1045
357.0000,380.7802,223.3956
357.0000,380.4051,222.6593
357.0000,380.0936,221.8939
357.0000,379.8067,221.1185
357.0000,379.5472,220.3338
357.0000,379.3579,219.5291
357.0000,379.2027,218.7171
357.0000,379.1068,217.8970
357.0000,379.1576,217.0721
357.0000,379.0884,216.2503
357.0000,378.8076,215.4769
357.0000,378.2523,214.8764
357.0000,377.5228,214.4900
357.0000,376.7528,214.1894
357.0000,375.9790,213.8992
357.0000,375.1935,213.6480
357.0000,374.3779,213.7245
357.0000,373.5575,213.8244
357.0000,372.7351,213.9091
357.0000,371.9117,213.9835
357.0000,371.0877,214.0509
357.0000,370.2628,214.1068
357.0000,369.4372,214.1490
357.0000,368.6106,214.1656
357.0000,367.7990,214.0634
355.9816,367.8334,214.0504
354.9689,367.9392,214.0105
353.9683,368.1193,213.9425
352.9868,368.3756,213.8458
352.0317,368.7077,213.7204
351.1098,369.1138,213.5671
350.2272,369.5903,213.3872
349.3887,370.1320,213.1828
348.5977,370.7331,212.9559
347.8564,371.3872,212.7089
347.1656,372.0881,212.4443
346.5251,372.8297,212.1644
345.9342,373.6065,211.8711
345.3915,374.4136,211.5665
344.8954,375.2465,211.2521
344.4441,376.1014,210.9293
344.0360,376.9751,210.5995
343.6693,377.8648,210.2637
343.3423,378.7679,209.9228
343.0537,379.6824,209.5775
342.8021,380.6064,209.2287
342.5864,381.5384,208.8769
342.4055,382.4768,208.5227
342.2586,383.4204,208.1665
342.1451,384.3680,207.8088
342.0644,385.3185,207.4500
342.0161,386.2710,207.0904
342.0000,387.2244,206.7305
342.0161,388.1779,206.3706
342.0644,389.1303,206.0110
342.1451,390.0809,205.6522
342.2586,391.0285,205.2945
342.4055,391.9721,204.9383
342.5864,392.9105,204.5841
342.8021,393.8424,204.2323
343.0537,394.7665,203.8835
343.3423,395.6810,203.5382
343.6693,396.5841,203.1973
344.0360,397.4738,202.8615
344.4441,398.3475,202.5317
344.8954,399.2024,202.2089
345.3915,400.0353,201.8945
345.9342,400.8423,201.5899
346.5251,401.6191,201.2966
347.1656,402.3608,201.0167
347.8564,403.0616,200.7521
348.5977,403.7158,200.5051
349.3887,404.3169,200.2782
350.2272,404.8586,200.0738
351.1098,405.3350,199.8939
352.0317,405.7412,199.7406
352.9868,406.0733,199.6152
353.9683,406.3295,199.5185
354.9689,406.5097,199.4505
355.9816,406.6155,199.4105
357.0000,406.6499,199.3976
357.0000,405.9746,199.8817
357.0000,405.4468,200.5220
357.0000,405.0834,201.2693
357.0000,404.8291,202.0615
357.0000,404.6259,202.8686
357.0000,404.3854,203.6650
357.0000,404.1402,204.4601
357.0000,403.8845,205.2522
357.0000,403.6432,206.0487
357.0000,403.3992,206.8445
357.0000,403.1739,207.6456
357.0000,402.9567,208.4491
357.0000,402.7371,209.2520
357.0000,402.5190,210.0553
357.0000,402.3119,210.8614
357.0000,402.0900,211.6636
357.0000,401.8831,212.4696
357.0000,401.7012,213.2817
357.0000,401.5055,214.0907
357.0000,401.2630,214.8866
357.0000,400.9801,215.6692
357.0000,400.6338,216.4257
357.0000,400.2694,217.1741
357.0000,399.9117,217.9256
357.0000,399.5516,218.6759
357.0000,399.2095,219.4347
357.0000,398.8597,220.1898
357.0000,398.4949,220.9377
357.0000,398.1412,221.6909
357.0000,397.7695,222.4357
357.0000,397.4003,223.1816
357.0000,397.0379,223.9309
357.0000,396.6960,224.6897
357.0000,396.7317,225.2073
355.9758,396.7297,225.1833
354.9540,396.7236,225.1094
353.9375,396.7131,224.9822
352.9297,396.6980,224.7986
351.9348,396.6779,224.5555
350.9572,396.6527,224.2503
350.0022,396.6223,223.8810
349.0755,396.5864,223.4459
348.1830,396.5450,222.9447
347.3312,396.4983,222.3777
346.5260,396.4462,221.7466
345.7736,396.3891,221.0540
345.0792,396.3272,220.3035
344.4477,396.2609,219.4997
343.8832,396.1906,218.6479
343.3889,396.1169,217.7538
342.9674,396.0401,216.8233
342.6205,395.9609,215.8628
342.3496,395.8797,214.8782
342.1556,395.7970,213.8758
342.0389,395.7134,212.8616
342.0000,395.6292,211.8414
342.0389,395.5451,210.8213
342.1556,395.4614,209.8071
342.3496,395.3787,208.8047
342.6205,395.2975,207.8201
342.9674,395.2183,206.8596
343.3889,395.1415,205.9291
343.8832,395.0678,205.0350
344.4477,394.9975,204.1832
345.0792,394.9312,203.3794
345.7736,394.8693,202.6289
346.5260,394.8122,201.9363
347.3312,394.7601,201.3051
348.1830,394.7134,200.7382
349.0755,394.6720,200.2370
350.0022,394.6362,199.8019
350.9572,394.6057,199.4326
351.9348,394.5805,199.1274
352.9297,394.5605,198.8843
353.9375,394.5453,198.7007
354.9540,394.5348,198.5735
355.9758,394.5287,198.4996
357.0000,394.5268,198.4756
357.0000,394.6890,199.3004
357.0000,394.7572,200.1375
357.0000,394.6643,200.9711
357.0000,394.3938,201.7655
357.0000,394.0204,202.5181
357.0000,393.6495,203.2720
357.0000,393.2582,204.0159
357.0000,392.8864,204.7701
357.0000,392.5130,205.5233
357.0000,392.1505,206.2819
357.0000,391.7862,207.0397
357.0000,391.4246,207.7988
357.0000,391.0462,208.5495
357.0000,390.6240,209.2766
357.0000,390.2094,210.0081
357.0000,389.8118,210.7489
357.0000,389.4016,211.4829
357.0000,389.0210,212.2325
357.0000,388.6516,212.9878
357.0000,388.2971,213.7502
357.0000,387.9191,214.5012
357.0000,387.5393,215.2512
357.0000,387.1366,215.9893
357.0000,386.7371,216.7292
357.0000,386.3255,217.4624
357.0000,385.9014,218.1884
357.0000,385.4630,218.9058
357.0000,385.0068,219.6121
357.0000,384.5221,220.2990
357.0000,384.0023,220.9597
357.0000,383.4122,221.5577
355.9745,383.4216,221.5341
354.9516,383.4505,221.4615
353.9347,383.5004,221.3366
352.9274,383.5723,221.1565
351.9341,383.6672,220.9185
350.9598,383.7862,220.6204
350.0101,383.9297,220.2606
349.0906,384.0982,219.8384
348.2074,384.2915,219.3540
347.3664,384.5092,218.8085
346.5735,384.7503,218.2042
345.8338,385.0137,217.5443
345.1518,385.2976,216.8327
344.5313,385.6003,216.0741
343.9753,385.9197,215.2736
343.4861,386.2539,214.4363
343.0651,386.6005,213.5675
342.7135,386.9576,212.6726
342.4318,387.3232,211.7565
342.2203,387.6952,210.8243
342.0793,388.0717,209.8806
342.0088,388.4510,208.9302
342.0088,388.8312,207.9775
342.0793,389.2104,207.0270
342.2203,389.5870,206.0834
342.4318,389.9590,205.1511
342.7135,390.3245,204.2351
343.0651,390.6816,203.3401
343.4861,391.0283,202.4714
343.9753,391.3624,201.6341
344.5313,391.6819,200.8335
345.1518,391.9846,200.0750
345.8338,392.2685,199.3634
346.5735,392.5318,198.7035
347.3664,392.7730,198.0992
348.2074,392.9906,197.5537
349.0906,393.1840,197.0692
350.0101,393.3524,196.6471
350.9598,393.4960,196.2873
351.9341,393.6149,195.9892
352.9274,393.7099,195.7512
353.9347,393.7818,195.5711
354.9516,393.8316,195.4462
355.9745,393.8606,195.3735
357.0000,393.8700,195.3500
357.0000,393.5594,194.4340
357.0000,393.4800,193.4798
357.0000,393.4800,192.5126
357.0000,393.0900,191.7098
357.0000,393.0726,190.7600
357.0000,392.7000,190.1653
357.0000,392.7000,189.1980
357.0000,392.5532,188.2487
357.0000,392.3200,187.3100
355.9524,392.3189,187.3079
354.9049,392.3154,187.3015
353.8574,392.3094,187.2904
352.8100,392.3006,187.2742
351.7627,392.2887,187.2523
350.7157,392.2733,187.2240
349.6689,392.2541,187.1886
348.6225,392.2303,187.1448
347.5767,392.2012,187.0912
346.5318,392.1654,187.0253
345.4884,392.1211,186.9437
344.4476,392.0647,186.8398
343.4123,391.9887,186.6998
342.3976,391.8668,186.4755
342.3976,391.5774,185.9425
343.4123,391.4556,185.7181
344.4476,391.3796,185.5782
345.4884,391.3232,185.4743
346.5318,391.2788,185.3927
347.5767,391.2431,185.3268
348.6225,391.2139,185.2731
349.6689,391.1902,185.2294
350.7157,391.1709,185.1940
351.7627,391.1556,185.1657
352.8100,391.1437,185.1438
353.8574,391.1349,185.1276
354.9049,391.1288,185.1165
355.9524,391.1254,185.1101
357.0000,391.1242,185.1080
357.0000,391.0804,185.9326
357.0000,390.9903,186.7532
357.0000,390.8441,187.5657
357.0000,390.6292,188.3626
357.0000,390.3330,189.1329
357.0000,389.9613,189.8696
357.0000,389.5126,190.5620
357.0000,389.0053,191.2134
357.0000,388.4484,191.8217
357.0000,387.9662,192.4903
357.0000,387.5177,193.1836
357.0000,387.0449,193.8606
357.0000,386.6025,194.5575
357.0000,386.1507,195.2486
357.0000,385.7607,195.9754
357.0000,385.4051,196.7207
357.0000,385.0474,197.4649
357.0000,384.7125,198.2196
357.0000,384.4059,198.9864
357.0000,384.0969,199.7521
357.0000,383.7898,200.5186
357.0000,383.5134,201.2966
357.0000,383.2621,202.0832
357.0000,383.0069,202.8685
357.0000,382.7338,203.6477
357.0000,382.4257,204.4136
357.0000,382.0654,205.1564
357.0000,381.6318,205.8590
357.0000,381.1656,206.5399
357.0000,380.6563,207.1899
357.0000,380.1016,207.8014
357.0000,379.5208,208.3883
357.0000,378.9196,208.9543
357.0000,378.2999,209.4999
357.0000,377.6632,210.0256
357.0000,377.0130,210.5347
357.0000,376.3500,211.0269
355.9670,376.3649,211.0158
354.9354,376.4110,210.9813
353.9070,376.4905,210.9218
352.8839,376.6060,210.8355
351.8688,376.7599,210.7204
350.8648,376.9552,210.5744
349.8759,377.1946,210.3953
348.9068,377.4812,210.1810
347.9631,377.8180,209.9292
347.0518,378.2076,209.6378
346.1810,378.6525,209.3051
345.3601,379.1546,208.9296
344.6000,379.7147,208.5108
343.9129,380.3322,208.0490
343.3117,381.0046,207.5461
342.8097,381.7274,207.0056
342.4197,382.4931,206.4330
342.1527,383.2919,205.8357
342.0171,384.1116,205.2226
342.0171,384.9384,204.6043
342.1527,385.7582,203.9913
342.4197,386.5570,203.3939
342.8097,387.3227,202.8213
343.3117,388.0454,202.2808
343.9129,388.7178,201.7780
344.6000,389.3353,201.3162
345.3601,389.8954,200.8974
346.1810,390.3975,200.5219
347.0518,390.8424,200.1891
347.9631,391.2320,199.8978
348.9068,391.5688,199.6460
349.8759,391.8554,199.4316
350.8648,392.0948,199.2526
351.8688,392.2901,199.1066
352.8839,392.4440,198.9914
353.9070,392.5595,198.9051
354.9354,392.6390,198.8456
355.9670,392.6851,198.8112
357.0000,392.7000,198.8000
357.0000,392.3200,198.2185
357.0000,392.0278,197.3144
357.0000,391.6643,196.4243
357.0000,391.4588,195.5006
357.0000,391.1500,194.5900
355.9431,391.1507,194.5981
354.8866,391.1531,194.6230
353.8306,391.1571,194.6661
352.7756,391.1629,194.7293
351.7222,391.1708,194.8144
350.6710,391.1809,194.9238
349.6232,391.1936,195.0608
348.5799,391.2092,195.2291
347.5433,391.2282,195.4340
346.5164,391.2512,195.6826
345.5044,391.2793,195.9854
344.5163,391.3138,196.3582
343.5712,391.3573,196.8276
342.7159,391.4142,197.4424
342.0997,391.4924,198.2863
342.0997,391.5876,199.3137
342.7159,391.6658,200.1576
343.5712,391.7227,200.7724
344.5163,391.7662,201.2418
345.5044,391.8007,201.6146
346.5164,391.8288,201.9174
347.5433,391.8518,202.1660
348.5799,391.8708,202.3709
349.6232,391.8864,202.5392
350.6710,391.8991,202.6762
351.7222,391.9092,202.7856
352.7756,391.9171,202.8707
353.8306,391.9229,202.9339
354.8866,391.9269,202.9770
355.9431,391.9293,203.0019
357.0000,391.9300,203.0100
357.0000,391.6981,202.1003
357.0000,391.3261,201.2716
357.0000,391.1500,200.4070
357.0000,390.6663,199.6168
357.0000,390.2380,198.7907
357.0000,389.9800,197.8945
357.0000,389.6663,197.0306
357.0000,389.2000,196.5000
355.9447,389.2000,196.5098
354.8898,389.2000,196.5404
353.8359,389.2000,196.5932
352.7834,389.2000,196.6704
351.7332,389.2000,196.7743
350.6864,389.2000,196.9077
349.6443,389.2000,197.0743
348.6090,389.2000,197.2785
347.5831,389.2000,197.5258
346.5709,389.2000,197.8239
345.5789,389.2000,198.1833
344.6179,389.2000,198.6187
343.7082,389.2000,199.1523
342.8909,389.2000,199.8175
342.2588,389.2000,200.6573
342.0000,389.2000,201.6700
342.2588,389.2000,202.6827
342.8909,389.2000,203.5225
343.7082,389.2000,204.1877
344.6179,389.2000,204.7213
345.5789,389.2000,205.1567
346.5709,389.2000,205.5161
347.5831,389.2000,205.8142
348.6090,389.2000,206.0615
349.6443,389.2000,206.2657
350.6864,389.2000,206.4323
351.7332,389.2000,206.5657
352.7834,389.2000,206.6696
353.8359,389.2000,206.7468
354.8898,389.2000,206.7996
355.9447,389.2000,206.8302
357.0000,389.2000,206.8400
357.0000,388.5603,206.3534
357.0000,388.1355,205.5183
357.0000,388.0300,204.6065
357.0000,387.9945,203.6754
357.0000,387.6936,202.7881
357.0000,387.6400,201.8600
355.9492,387.6385,201.8694
354.8988,387.6340,201.8985
353.8492,387.6261,201.9490
352.8010,387.6145,202.0227
351.7550,387.5990,202.1219
350.7121,387.5790,202.2493
349.6737,387.5541,202.4082
348.6416,387.5236,202.6030
347.6184,387.4866,202.8391
346.6079,387.4421,203.1237
345.6163,387.3883,203.4669
344.6540,387.3231,203.8832
343.7400,387.2431,204.3942
342.9139,387.1429,205.0336
342.2681,387.0155,205.8473
342.0001,386.8600,206.8400
342.2681,386.7045,207.8327
342.9139,386.5771,208.6464
343.7400,386.4769,209.2858
344.6540,386.3969,209.7968
345.6163,386.3317,210.2131
346.6079,386.2779,210.5563
347.6184,386.2334,210.8409
348.6416,386.1964,211.0770
349.6737,386.1659,211.2718
350.7121,386.1410,211.4307
351.7550,386.1210,211.5581
352.8010,386.1055,211.6573
353.8492,386.0939,211.7310
354.8988,386.0860,211.7815
355.9492,386.0815,211.8106
357.0000,386.0800,211.8200
357.0000,385.9030,210.7274
357.0000,385.7000,209.6381
357.0000,385.7000,208.5239
357.0000,385.5565,207.4702
357.0000,385.3100,206.4600
355.9497,385.3104,206.4676
354.8997,385.3115,206.4911
353.8502,385.3135,206.5318
352.8017,385.3164,206.5913
351.7545,385.3203,206.6714
350.7093,385.3253,206.7745
349.6670,385.3315,206.9035
348.6288,385.3392,207.0619
347.5965,385.3486,207.2549
346.5728,385.3599,207.4890
345.5621,385.3737,207.7741
344.5728,385.3908,208.1255
343.6216,385.4123,208.5689
342.7514,385.4406,209.1530
342.1077,385.4803,209.9703
342.1077,385.5297,210.9897
342.7514,385.5694,211.8070
343.6216,385.5977,212.3911
344.5728,385.6192,212.8345
345.5621,385.6363,213.1859
346.5728,385.6501,213.4710
347.5965,385.6614,213.7051
348.6288,385.6708,213.8981
349.6670,385.6785,214.0565
350.7093,385.6847,214.1855
351.7545,385.6897,214.2886
352.8017,385.6936,214.3687
353.8502,385.6965,214.4282
354.8997,385.6985,214.4689
355.9497,385.6996,214.4924
357.0000,385.7000,214.5000
357.0000,385.4072,213.5444
357.0000,384.9420,212.6300
357.0000,384.5300,211.7029
357.0000,384.1400,210.8416
357.0000,383.7500,209.9100
355.9436,383.7504,209.9180
354.8874,383.7515,209.9429
353.8319,383.7535,209.9861
352.7773,383.7564,210.0492
351.7243,383.7604,210.1342
350.6736,383.7654,210.2435
349.6261,383.7718,210.3803
348.5832,383.7796,210.5485
347.5469,383.7891,210.7532
346.5202,383.8006,211.0016
345.5082,383.8146,211.3041
344.5201,383.8318,211.6766
343.5745,383.8536,212.1457
342.7182,383.8820,212.7603
342.1002,383.9211,213.6051
342.1002,383.9689,214.6349
342.7182,384.0080,215.4797
343.5745,384.0364,216.0943
344.5201,384.0582,216.5634
345.5082,384.0754,216.9359
346.5202,384.0894,217.2384
347.5469,384.1009,217.4868
348.5832,384.1104,217.6915
349.6261,384.1182,217.8597
350.6736,384.1246,217.9965
351.7243,384.1296,218.1058
352.7773,384.1336,218.1908
353.8319,384.1365,218.2539
354.8874,384.1385,218.2971
355.9436,384.1396,218.3220
357.0000,384.1400,218.3300
357.0000,383.7175,217.5031
357.0000,383.2950,216.6762
357.0000,382.8498,215.8628
357.0000,382.3286,215.0943
357.0000,381.9811,214.2964
357.0000,381.5830,213.4800
357.0000,381.0200,212.9700
355.9615,381.0247,212.9425
354.9261,381.0393,212.8577
353.8978,381.0644,212.7119
352.8810,381.1004,212.5021
351.8808,381.1479,212.2256
350.9028,381.2073,211.8804
349.9530,381.2785,211.4658
349.0375,381.3617,210.9819
348.1625,381.4565,210.4302
347.3335,381.5626,209.8133
346.5556,381.6792,209.1348
345.8330,381.8056,208.3993
345.1689,381.9409,207.6120
344.5660,382.0842,206.7783
344.0257,382.2345,205.9039
343.5491,382.3909,204.9942
343.1365,382.5524,204.0545
342.7882,382.7182,203.0900
342.5038,382.8874,202.1052
342.2831,383.0594,201.1047
342.1257,383.2333,200.0927
342.0314,383.4086,199.0730
342.0000,383.5845,198.0496
342.0314,383.7604,197.0262
342.1257,383.9357,196.0066
342.2831,384.1096,194.9945
342.5038,384.2816,193.9940
342.7882,384.4508,193.0093
343.1365,384.6166,192.0447
343.5491,384.7781,191.1051
344.0257,384.9345,190.1954
344.5660,385.0848,189.3209
345.1689,385.2281,188.4872
345.8330,385.3634,187.6999
346.5556,385.4898,186.9645
347.3335,385.6064,186.2860
348.1625,385.7125,185.6690
349.0375,385.8073,185.1173
349.9530,385.8905,184.6334
350.9028,385.9617,184.2188
351.8808,386.0210,183.8736
352.8810,386.0686,183.5971
353.8978,386.1046,183.3873
354.9261,386.1297,183.2416
355.9615,386.1443,183.1568
357.0000,386.1490,183.1293
357.0000,385.7437,183.8429
357.0000,385.3096,184.5394
357.0000,384.8380,185.2109
357.0000,384.3255,185.8517
357.0000,383.7846,186.4690
357.0000,383.2480,187.0900
357.0000,382.8449,187.8037
357.0000,382.4820,188.5398
357.0000,382.1314,189.2818
357.0000,381.7737,190.0205
357.0000,381.4270,190.7644
357.0000,381.0850,191.5105
357.0000,380.7330,192.2520
357.0000,380.3881,192.9968
357.0000,380.0685,193.7527
357.0000,379.7463,194.5076
357.0000,379.4193,195.2604
357.0000,379.0874,196.0111
357.0000,378.7433,196.7560
357.0000,378.3630,197.4833
357.0000,377.9449,198.1896
357.0000,377.5299,198.8977
357.0000,377.0831,199.5859
357.0000,376.5799,200.2339
357.0000,376.0598,200.8687
357.0000,375.5405,201.5043
357.0000,375.0158,202.1354
357.0000,374.4942,202.7688
357.0000,373.9962,203.4213
357.0000,373.5206,204.0900
357.0000,373.1000,204.7947
357.0000,372.7122,205.5174
357.0000,372.3718,206.2642
357.0000,372.0531,207.0205
357.0000,371.7436,207.7807
357.0000,371.4252,208.5371
357.0000,371.0975,209.2896
357.0000,370.7614,210.0384
357.0000,370.4123,210.7812
357.0000,370.0448,211.5150
357.0000,369.6507,212.2348
357.0000,369.2189,212.9326
357.0000,368.7179,213.5816
357.0000,368.1190,214.1398
355.9450,368.1160,214.1406
354.8899,368.1067,214.1433
353.8350,368.0906,214.1480
352.7803,368.0670,214.1548
351.7257,368.0352,214.1640
350.6716,367.9941,214.1759
349.6179,367.9426,214.1908
348.5649,367.8790,214.2092
347.5130,367.8008,214.2319
346.4627,367.7049,214.2596
345.4150,367.5858,214.2941
344.3719,367.4341,214.3380
343.3389,367.2290,214.3974
342.3437,366.8991,214.4928
342.3437,366.1895,214.6982
343.3389,365.8597,214.7937
344.3719,365.6546,214.8530
345.4150,365.5029,214.8969
346.4627,365.3838,214.9314
347.5130,365.2879,214.9592
348.5649,365.2097,214.9818
349.6179,365.1461,215.0002
350.6716,365.0946,215.0151
351.7257,365.0535,215.0270
352.7803,365.0217,215.0362
353.8350,364.9981,215.0430
354.8899,364.9820,215.0477
355.9450,364.9727,215.0504
357.0000,364.9697,215.0513
357.0000,365.0536,215.8609
357.0000,365.1282,216.6714
357.0000,365.1941,217.4826
357.0000,365.2517,218.2945
357.0000,365.3017,219.1069
357.0000,365.3451,219.9197
357.0000,365.3821,220.7328
357.0000,365.4131,221.5462
357.0000,365.4401,222.3597
357.0000,365.4617,223.1733
357.0000,365.4761,223.9871
357.0000,365.4811,224.8010
357.0000,365.4617,225.6146
357.0000,365.4133,226.4270
357.0000,365.3548,227.2388
357.0000,365.3379,228.0524
357.0000,365.3522,228.8661
357.0000,365.4107,229.6779
357.0000,365.4961,230.4873
357.0000,365.6088,231.2934
357.0000,365.7425,232.0963
357.0000,365.8953,232.8956
357.0000,366.0668,233.6913
357.0000,366.2462,234.4852
357.0000,366.4266,235.2789
357.0000,366.6097,236.0720
357.0000,366.7915,236.8653
357.0000,366.9754,237.6582
357.0000,367.1459,238.4540
357.0000,367.2901,239.2550
357.0000,367.3998,240.0614
357.0000,367.4725,240.8719
357.0000,367.4974,241.6850
357.0000,367.4607,242.4980
357.0000,367.4139,243.3106
357.0000,367.3917,244.1239
357.0000,367.3910,244.9379
357.0000,367.3956,245.7517
357.0000,367.4158,246.5654
357.0000,367.4235,247.3793
357.0000,367.4421,248.1930
357.0000,367.4609,249.0068
357.0000,367.4784,249.8205
357.0000,367.5069,250.6338
357.0000,367.5554,251.4463
357.0000,367.6100,252.2584
357.0000,367.6940,253.0680
357.0000,367.8034,253.8745
357.0000,367.9110,254.6813
357.0000,368.0333,255.4860
357.0000,368.1575,256.2904
357.0000,368.2885,257.0937
357.0000,368.4298,257.8953
357.0000,368.5793,258.6954
357.0000,368.7331,259.4947
357.0000,368.8823,260.2948
357.0000,369.0364,261.0940
357.0000,369.1882,261.8936
357.0000,369.3319,262.6948
357.0000,369.4618,263.4983
357.0000,369.5804,264.3035
357.0000,369.6891,265.1102
357.0000,369.7842,265.9185
357.0000,369.8632,266.7285
357.0000,369.9319,267.5396
357.0000,369.9967,268.3509
357.0000,370.0231,269.1643
357.0000,370.0485,269.9779
357.0000,370.0747,270.7914
357.0000,370.0961,271.6051
357.0000,370.1136,272.4188
357.0000,370.1292,273.2326
357.0000,370.1439,274.0464
357.0000,370.1605,274.8602
357.0000,370.1847,275.6738
357.0000,370.2922,276.4710
355.9733,370.3282,276.5066
354.9572,370.4381,276.6154
353.9628,370.6231,276.7985
353.0012,370.8811,277.0538
352.0815,371.2074,277.3767
351.2104,371.5952,277.7606
350.3917,372.0371,278.1980
349.6267,372.5252,278.6811
348.9147,373.0523,279.2028
348.2538,373.6121,279.7569
347.6414,374.1991,280.3379
347.0746,374.8089,280.9413
346.5504,375.4376,281.5636
346.0659,376.0822,282.2016
345.6183,376.7401,282.8528
345.2052,377.4094,283.5152
344.8244,378.0882,284.1871
344.4738,378.7753,284.8671
344.1517,379.4694,285.5541
343.8565,380.1694,286.2470
343.5867,380.8747,286.9450
343.3412,381.5844,287.6474
343.1188,382.2980,288.3537
342.9185,383.0148,289.0632
342.7396,383.7345,289.7755
342.5814,384.4567,290.4903
342.4431,385.1809,291.2071
342.3242,385.9069,291.9256
342.2244,386.6343,292.6455
342.1433,387.3628,293.3667
342.0804,388.0923,294.0887
342.0357,388.8225,294.8114
342.0089,389.5531,295.5345
342.0000,390.2840,296.2578
342.0089,391.0148,296.9812
342.0357,391.7454,297.7043
342.0804,392.4756,298.4270
342.1433,393.2051,299.1490
342.2244,393.9336,299.8701
342.3242,394.6610,300.5901
342.4431,395.3870,301.3086
342.5814,396.1112,302.0254
342.7396,396.8334,302.7401
342.9185,397.5531,303.4525
343.1188,398.2699,304.1620
343.3412,398.9835,304.8682
343.5867,399.6932,305.5706
343.8565,400.3985,306.2687
344.1517,401.0985,306.9616
344.4738,401.7926,307.6485
344.8244,402.4797,308.3285
345.2052,403.1585,309.0005
345.6183,403.8278,309.6629
346.0659,404.4858,310.3141
346.5504,405.1303,310.9521
347.0746,405.7590,311.5743
347.6414,406.3688,312.1778
348.2538,406.9558,312.7588
348.9147,407.5156,313.3128
349.6267,408.0427,313.8346
350.3917,408.5308,314.3177
351.2104,408.9727,314.7550
352.0815,409.3605,315.1389
353.0012,409.6868,315.4619
353.9628,409.9448,315.7172
354.9572,410.1298,315.9002
355.9733,410.2397,316.0090
357.0000,410.2757,316.0447
357.0000,409.3952,316.0149
357.0000,408.5144,315.9962
357.0000,407.6334,315.9871
357.0000,406.7524,315.9859
357.0000,405.8714,315.9910
357.0000,404.9905,316.0006
357.0000,404.1096,316.0131
357.0000,403.2286,316.0258
357.0000,402.3477,316.0381
357.0000,401.4667,316.0387
357.0000,400.5859,316.0220
357.0000,399.7054,315.9939
357.0000,398.8252,315.9551
357.0000,397.9458,315.9018
357.0000,397.0671,315.8385
357.0000,396.1893,315.7632
357.0000,395.3128,315.6751
357.0000,394.4383,315.5679
355.9621,394.4347,315.5653
354.9243,394.4236,315.5572
353.8867,394.4042,315.5431
352.8494,394.3759,315.5225
351.8126,394.3378,315.4947
350.7764,394.2887,315.4590
349.7413,394.2272,315.4142
348.7077,394.1515,315.3591
347.6761,394.0590,315.2917
346.6477,393.9461,315.2096
345.6241,393.8074,315.1086
344.6088,393.6338,314.9822
343.6096,393.4075,314.8175
342.6537,393.0838,314.5819
342.0001,392.4794,314.1418
342.6537,391.8749,313.7018
343.6096,391.5512,313.4661
344.6088,391.3250,313.3014
345.6241,391.1513,313.1750
346.6477,391.0126,313.0740
347.6761,390.8998,312.9919
348.7077,390.8073,312.9245
349.7413,390.7315,312.8694
350.7764,390.6701,312.8247
351.8126,390.6210,312.7889
352.8494,390.5828,312.7612
353.8867,390.5545,312.7406
354.9243,390.5351,312.7264
355.9621,390.5240,312.7183
357.0000,390.5204,312.7157
357.0000,389.8416,312.4282
357.0000,389.4513,311.7023
357.0000,389.1564,310.9311
357.0000,388.8979,310.1468
357.0000,388.6608,309.3557
357.0000,388.4362,308.5609
357.0000,388.2121,307.7659
357.0000,387.9882,306.9710
357.0000,387.7631,306.1763
357.0000,387.5389,305.3815
357.0000,387.3255,304.5836
357.0000,387.0843,303.7937
357.0000,386.8442,303.0035
357.0000,386.6218,302.2081
357.0000,386.4188,301.4076
357.0000,386.2133,300.6077
357.0000,386.0463,299.7994
357.0000,385.9872,298.9780
357.0000,386.0394,298.1549
357.0000,386.0270,297.3297
357.0000,385.9444,296.5080
357.0000,385.8643,295.6860
357.0000,385.7347,294.8705
357.0000,385.5855,294.0583
357.0000,385.4048,293.2532
357.0000,385.0975,292.4889
357.0000,384.6531,291.7936
357.0000,384.1449,291.1436
357.0000,383.6102,290.5145
357.0000,383.0445,289.9128
357.0000,382.4554,289.3349
357.0000,381.8647,288.7581
357.0000,381.2977,288.1576
357.0000,380.7703,287.5228
357.0000,380.2777,286.8600
357.0000,379.8034,286.1840
357.0000,379.3652,285.4841
357.0000,378.9781,284.7549
357.0000,378.5985,284.0217
357.0000,378.2806,283.2597
357.0000,378.0050,282.4817
357.0000,377.7241,281.7053
357.0000,377.4158,280.9391
357.0000,377.0472,280.2010
357.0000,376.5959,279.5097
357.0000,376.0173,278.9277
357.0000,375.2946,278.5335
357.0000,374.4999,278.3264
357.0000,373.6814,278.2263
357.0000,372.8615,278.1269
357.0000,372.0431,278.0156
355.9901,372.0431,277.9493
354.9982,372.0429,277.7486
354.0416,372.0427,277.4181
353.1341,372.0424,276.9698
352.2839,372.0421,276.4204
351.4936,372.0417,275.7876
350.7623,372.0413,275.0874
350.0865,372.0408,274.3333
349.4620,372.0403,273.5362
348.8842,372.0398,272.7045
348.3487,372.0392,271.8450
347.8516,372.0387,270.9627
347.3892,372.0381,270.0617
346.9584,372.0375,269.1452
346.5564,372.0369,268.2156
346.1809,372.0363,267.2750
345.8298,372.0357,266.3251
345.5013,372.0351,265.3671
345.1936,372.0345,264.4021
344.9055,372.0339,263.4312
344.6358,372.0333,262.4550
344.3832,372.0327,261.4743
344.1469,372.0320,260.4894
343.9260,372.0314,259.5010
343.7197,372.0308,258.5095
343.5274,372.0302,257.5151
343.3485,372.0295,256.5183
343.1824,372.0289,255.5192
343.0286,372.0283,254.5182
342.8868,372.0276,253.5154
342.7564,372.0270,252.5110
342.6373,372.0264,251.5053
342.5291,372.0257,250.4983
342.4315,372.0251,249.4902
342.3443,372.0245,248.4812
342.2672,372.0238,247.4713
342.2002,372.0232,246.4608
342.1430,372.0226,245.4496
342.0956,372.0219,244.4379
342.0577,372.0213,243.4258
342.0294,372.0206,242.4135
342.0106,372.0200,241.4009
342.0012,372.0194,240.3881
342.0012,372.0187,239.3753
342.0106,372.0181,238.3626
342.0294,372.0174,237.3500
342.0577,372.0168,236.3376
342.0956,372.0162,235.3255
342.1430,372.0155,234.3138
342.2002,372.0149,233.3027
342.2672,372.0143,232.2921
342.3443,372.0136,231.2823
342.4315,372.0130,230.2732
342.5291,372.0123,229.2652
342.6373,372.0117,228.2582
342.7564,372.0111,227.2524
342.8868,372.0104,226.2481
343.0286,372.0098,225.2453
343.1824,372.0092,224.2442
343.3485,372.0085,223.2452
343.5274,372.0079,222.2483
343.7197,372.0073,221.2539
343.9260,372.0067,220.2624
344.1469,372.0060,219.2740
344.3832,372.0054,218.2892
344.6358,372.0048,217.3084
344.9055,372.0042,216.3322
345.1936,372.0036,215.3613
345.5013,372.0030,214.3964
345.8298,372.0024,213.4384
346.1809,372.0018,212.4884
346.5564,372.0012,211.5479
346.9584,372.0006,210.6183
347.3892,372.0000,209.7017
347.8516,371.9994,208.8007
348.3487,371.9989,207.9184
348.8842,371.9983,207.0589
349.4620,371.9978,206.2272
350.0865,371.9973,205.4301
350.7623,371.9968,204.6760
351.4936,371.9964,203.9758
352.2839,371.9960,203.3430
353.1341,371.9956,202.7937
354.0416,371.9954,202.3454
354.9982,371.9951,202.0148
355.9901,371.9950,201.8142
357.0000,371.9950,201.7478
357.0000,371.1982,202.0424
357.0000,370.3946,202.3173
357.0000,369.5821,202.5651
357.0000,368.7580,202.7699
357.0000,367.9205,202.9100
357.0000,367.0822,203.0398
357.0000,366.2622,203.2605
357.0000,365.4509,203.5123
357.0000,364.6351,203.7491
357.0000,363.8208,203.9906
357.0000,363.0042,204.2249
357.0000,362.1774,204.4178
357.0000,361.3390,204.5537
357.0000,360.4913,204.5906
357.0000,359.6425,204.5606
357.0000,358.7979,204.4698
357.0000,357.9529,204.3846
357.0000,357.1109,204.2746
357.0000,356.2653,204.1945
357.0000,355.4181,204.1334
357.0000,354.5691,204.1206
357.0000,353.8734,204.4267
355.9597,353.8844,204.4318
354.9200,353.9183,204.4476
353.8817,353.9770,204.4749
352.8457,354.0626,204.5148
351.8131,354.1775,204.5683
350.7855,354.3245,204.6368
349.7649,354.5072,204.7219
348.7539,354.7296,204.8255
347.7563,354.9968,204.9499
346.7771,355.3149,205.0981
345.8237,355.6920,205.2737
344.9073,356.1378,205.4814
344.0453,356.6649,205.7270
343.2658,357.2883,206.0173
342.6150,358.0221,206.3591
342.1646,358.8693,206.7537
342.0001,359.7966,207.1856
342.1646,360.7238,207.6176
342.6150,361.5710,208.0122
343.2658,362.3049,208.3540
344.0453,362.9282,208.6443
344.9073,363.4553,208.8899
345.8237,363.9012,209.0976
346.7771,364.2782,209.2732
347.7563,364.5964,209.4214
348.7539,364.8635,209.5458
349.7649,365.0859,209.6494
350.7855,365.2686,209.7345
351.8131,365.4157,209.8030
352.8457,365.5305,209.8565
353.8817,365.6161,209.8964
354.9200,365.6748,209.9237
355.9597,365.7087,209.9395
357.0000,365.7197,209.9446
357.0000,364.8503,209.8356
357.0000,363.9880,209.6786
357.0000,363.1242,209.5308
357.0000,362.2513,209.4635
357.0000,361.3810,209.5532
357.0000,360.5239,209.7359
357.0000,359.6649,209.9097
357.0000,358.8054,210.0793
357.0000,357.9359,210.1885
357.0000,357.0626,210.2626
357.0000,356.1871,210.2968
357.0000,355.3128,210.2519
357.0000,354.4452,210.1285
357.0000,353.5887,209.9436
357.0000,352.7527,209.6818
357.0000,351.9706,209.2905
355.9356,351.9716,209.2866
354.8713,351.9746,209.2747
353.8072,351.9799,209.2539
352.7433,351.9876,209.2235
351.6798,351.9980,209.1825
350.6168,352.0114,209.1296
349.5546,352.0283,209.0632
348.4937,352.0491,208.9810
347.4344,352.0747,208.8801
346.3778,352.1061,208.7561
345.3254,352.1452,208.6020
344.2807,352.1951,208.4053
343.2528,352.2626,208.1389
342.2884,352.3710,207.7115
342.2884,352.5796,206.8890
343.2528,352.6880,206.4615
344.2807,352.7555,206.1952
345.3254,352.8054,205.9985
346.3778,352.8445,205.8444
347.4344,352.8759,205.7203
348.4937,352.9015,205.6195
349.5546,352.9224,205.5373
350.6168,352.9392,205.4708
351.6798,352.9526,205.4179
352.7433,352.9630,205.3769
353.8072,352.9707,205.3466
354.8713,352.9760,205.3258
355.9356,352.9790,205.3139
357.0000,352.9800,205.3100
357.0000,352.1228,205.7336
357.0000,351.4300,206.3303
357.0000,351.4300,207.3551
357.0000,351.4300,208.3800
355.9531,351.4278,208.3794
354.9062,351.4210,208.3775
353.8593,351.4092,208.3743
352.8125,351.3919,208.3696
351.7659,351.3686,208.3632
350.7194,351.3385,208.3550
349.6732,351.3008,208.3447
348.6274,351.2542,208.3320
347.5821,351.1971,208.3164
346.5377,351.1270,208.2972
345.4947,351.0401,208.2735
344.4541,350.9296,208.2433
343.4187,350.7807,208.2026
342.4026,350.5421,208.1375
342.4026,349.9705,207.9813
343.4187,349.7319,207.9162
344.4541,349.5830,207.8755
345.4947,349.4725,207.8453
346.5377,349.3856,207.8216
347.5821,349.3155,207.8024
348.6274,349.2584,207.7868
349.6732,349.2118,207.7741
350.7194,349.1741,207.7638
351.7659,349.1440,207.7556
352.8125,349.1207,207.7492
353.8593,349.1034,207.7445
354.9062,349.0916,207.7413
355.9531,349.0848,207.7394
357.0000,349.0826,207.7388
357.0000,349.7819,207.1254
357.0000,349.5058,206.2763
357.0000,348.7673,205.6799
357.0000,347.8476,205.5041
357.0000,346.9520,205.7815
357.0000,346.5566,206.6193
357.0000,346.6339,207.5636
357.0000,346.9032,208.4761
355.9705,346.9187,208.4952
354.9436,346.9665,208.5540
353.9222,347.0488,208.6551
352.9098,347.1676,208.8012
351.9107,347.3247,208.9944
350.9296,347.5220,209.2369
349.9719,347.7606,209.5303
349.0434,348.0413,209.8755
348.1503,348.3645,210.2729
347.2987,348.7296,210.7218
346.4949,349.1356,211.2209
345.7446,349.5805,211.7680
345.0533,350.0619,212.3599
344.4255,350.5768,212.9929
343.8649,351.1217,213.6629
343.3746,351.6929,214.3653
342.9570,352.2867,215.0954
342.6136,352.8992,215.8484
342.3456,353.5264,216.6196
342.1537,354.1647,217.4044
342.0385,354.8103,218.1982
342.0000,355.4595,218.9964
342.0385,356.1087,219.7946
342.1537,356.7543,220.5884
342.3456,357.3926,221.3732
342.6136,358.0198,222.1444
342.9570,358.6323,222.8974
343.3746,359.2261,223.6275
343.8649,359.7973,224.3299
344.4255,360.3422,224.9999
345.0533,360.8571,225.6329
345.7446,361.3385,226.2248
346.4949,361.7834,226.7718
347.2987,362.1894,227.2710
348.1503,362.5545,227.7199
349.0434,362.8777,228.1173
349.9719,363.1585,228.4625
350.9296,363.3970,228.7558
351.9107,363.5943,228.9984
352.9098,363.7514,229.1916
353.9222,363.8702,229.3376
354.9436,363.9525,229.4388
355.9705,364.0003,229.4976
357.0000,364.0158,229.5167
357.0000,363.8587,230.3598
357.0000,363.7126,231.2049
357.0000,363.5574,232.0483
357.0000,363.3678,232.8846
357.0000,363.0931,233.6957
357.0000,362.7433,234.4785
357.0000,362.3097,235.2184
357.0000,361.8568,235.9460
357.0000,361.4483,236.7001
357.0000,361.0707,237.4699
357.0000,360.7150,238.2502
357.0000,360.3952,239.0444
357.0000,359.9613,239.7834
357.0000,359.3558,240.3775
357.0000,358.5279,240.5635
357.0000,357.6778,240.4630
355.9641,357.6877,240.4835
354.9303,357.7181,240.5467
353.9013,357.7705,240.6557
352.8800,357.8463,240.8134
351.8703,357.9469,241.0227
350.8764,358.0737,241.2864
349.9033,358.2279,241.6069
348.9567,358.4103,241.9864
348.0429,358.6218,242.4262
347.1686,358.8627,242.9271
346.3409,359.1327,243.4886
345.5672,359.4312,244.1095
344.8545,359.7570,244.7870
344.2095,360.1083,245.5175
343.6384,360.4828,246.2964
343.1465,360.8779,247.1180
342.7382,361.2904,247.9760
342.4171,361.7172,248.8636
342.1860,362.1548,249.7736
342.0466,362.5996,250.6987
342.0000,363.0481,251.6313
342.0466,363.4965,252.5640
342.1860,363.9414,253.4891
342.4171,364.3790,254.3991
342.7382,364.8058,255.2867
343.1465,365.2183,256.1447
343.6384,365.6134,256.9663
344.2095,365.9879,257.7452
344.8545,366.3392,258.4757
345.5672,366.6650,259.1532
346.3409,366.9635,259.7740
347.1686,367.2335,260.3356
348.0429,367.4743,260.8365
348.9567,367.6858,261.2763
349.9033,367.8683,261.6558
350.8764,368.0224,261.9763
351.8703,368.1492,262.2400
352.8800,368.2499,262.4493
353.9013,368.3257,262.6069
354.9303,368.3781,262.7159
355.9641,368.4085,262.7792
357.0000,368.4183,262.7997
357.0000,368.0714,262.0214
357.0000,367.7497,261.2324
357.0000,367.4427,260.4375
357.0000,367.1338,259.6433
357.0000,366.8064,258.8566
357.0000,366.4528,258.0814
357.0000,366.0515,257.3299
357.0000,365.6504,256.5783
357.0000,365.2243,255.8408
357.0000,364.7743,255.1172
357.0000,364.2919,254.4150
357.0000,363.7841,253.7307
357.0000,363.2389,253.0761
357.0000,362.6552,252.4558
357.0000,362.0375,251.8691
357.0000,361.3915,251.3136
357.0000,360.7197,250.7896
357.0000,359.9778,250.3720
357.0000,359.1951,250.0362
357.0000,358.3819,249.7832
357.0000,357.5459,249.6222
357.0000,356.7035,249.6487
355.9441,356.7082,249.6363
354.8889,356.7228,249.5979
353.8354,356.7481,249.5314
352.7845,356.7850,249.4344
351.7378,356.8346,249.3042
350.6970,356.8980,249.1374
349.6646,356.9768,248.9304
348.6437,357.0726,248.6785
347.6385,357.1876,248.3762
346.6553,357.3243,248.0168
345.7023,357.4859,247.5920
344.7924,357.6762,247.0919
343.9446,357.8997,246.5044
343.1884,358.1613,245.8168
342.5692,358.4647,245.0192
342.1503,358.8084,244.1159
342.0000,359.1788,243.1423
342.1503,359.5492,242.1687
342.5692,359.8929,241.2653
343.1884,360.1963,240.4678
343.9446,360.4579,239.7801
344.7924,360.6814,239.1927
345.7023,360.8717,238.6925
346.6553,361.0333,238.2677
347.6385,361.1700,237.9083
348.6437,361.2850,237.6060
349.6646,361.3808,237.3541
350.6970,361.4596,237.1471
351.7378,361.5230,236.9804
352.7845,361.5726,236.8501
353.8354,361.6095,236.7531
354.8889,361.6348,236.6867
355.9441,361.6494,236.6483
357.0000,361.6541,236.6358
357.0000,360.8968,236.9533
357.0000,360.1332,237.2552
357.0000,359.3616,237.5360
357.0000,358.5803,237.7885
357.0000,357.7870,237.9999
357.0000,356.9807,238.1540
357.0000,356.1643,238.2377
357.0000,355.3436,238.2615
357.0000,354.5230,238.2612
357.0000,353.7036,238.3133
357.0000,352.8836,238.3569
357.0000,352.0630,238.3861
357.0000,351.2435,238.4394
357.0000,350.4241,238.4929
357.0000,349.6037,238.5259
357.0000,348.7832,238.5598
357.0000,347.9630,238.5995
357.0000,347.1425,238.6312
357.0000,346.3214,238.6418
357.0000,345.5009,238.6737
357.0000,344.6818,238.7310
357.0000,343.8681,238.8384
357.0000,343.0611,238.9904
357.0000,342.2554,239.1490
357.0000,341.4453,239.2831
357.0000,340.6354,239.4186
357.0000,339.8246,239.5490
357.0000,339.0130,239.6740
357.0000,338.1981,239.7746
357.0000,337.3805,239.8509
357.0000,336.5614,239.9090
357.0000,335.7425,239.9708
357.0000,334.9228,240.0188
357.0000,334.1022,240.0502
357.0000,333.2811,240.0608
357.0000,332.4601,240.0753
357.0000,331.6395,240.1065
357.0000,330.8190,240.1392
357.0000,329.9983,240.1676
357.0000,329.1774,240.1902
357.0000,328.3563,240.2001
357.0000,327.5352,240.1914
357.0000,326.7143,240.1729
357.0000,325.8934,240.1522
357.0000,325.0722,240.1476
357.0000,324.2536,240.2047
355.9808,324.2848,240.2139
354.9660,324.3809,240.2424
353.9609,324.5452,240.2910
352.9711,324.7803,240.3607
352.0030,325.0871,240.4516
351.0630,325.4657,240.5637
350.1571,325.9144,240.6966
349.2909,326.4302,240.8494
348.4690,327.0089,241.0208
347.6951,327.6454,241.2093
346.9715,328.3343,241.4134
346.2997,329.0698,241.6313
345.6803,329.8465,241.8613
345.1131,330.6590,242.1020
344.5973,331.5025,242.3518
344.1320,332.3725,242.6096
343.7160,333.2652,242.8740
343.3479,334.1771,243.1441
343.0266,335.1051,243.4190
342.7507,336.0465,243.6978
342.5193,336.9988,243.9799
342.3312,337.9599,244.2646
342.1859,338.9277,244.5512
342.0825,339.9005,244.8394
342.0206,340.8765,245.1285
342.0000,341.8541,245.4181
342.0206,342.8318,245.7077
342.0825,343.8078,245.9968
342.1859,344.7806,246.2849
342.3312,345.7484,246.5716
342.5193,346.7095,246.8563
342.7507,347.6618,247.1383
343.0266,348.6032,247.4172
343.3479,349.5311,247.6921
343.7160,350.4430,247.9622
344.1320,351.3358,248.2266
344.5973,352.2058,248.4843
345.1131,353.0493,248.7342
345.6803,353.8618,248.9748
346.2997,354.6385,249.2049
346.9715,355.3740,249.4228
347.6951,356.0629,249.6268
348.4690,356.6994,249.8154
349.2909,357.2781,249.9868
350.1571,357.7938,250.1395
351.0630,358.2425,250.2724
352.0030,358.6211,250.3846
352.9711,358.9280,250.4755
353.9609,359.1631,250.5451
354.9660,359.3274,250.5938
355.9808,359.4235,250.6223
357.0000,359.4547,250.6315
357.0000,358.6785,250.8915
357.0000,357.8775,251.0635
357.0000,357.0691,251.1969
357.0000,356.2566,251.3028
357.0000,355.4414,251.3863
357.0000,354.6244,251.4498
357.0000,353.8062,251.4943
357.0000,352.9872,251.5197
357.0000,352.1678,251.5236
357.0000,351.3484,251.5201
357.0000,350.5319,251.4536
357.0000,349.7224,251.3269
357.0000,348.9183,251.1690
357.0000,348.1160,251.0021
357.0000,347.3223,250.7983
357.0000,346.5304,250.5873
357.0000,345.7407,250.3685
357.0000,344.9447,250.1767
357.0000,344.1396,250.0241
357.0000,343.3329,249.8798
357.0000,342.5243,249.7472
357.0000,341.7129,249.6326
357.0000,340.9000,249.5293
357.0000,340.0868,249.4279
357.0000,339.2733,249.3293
357.0000,338.4627,249.2095
357.0000,337.6529,249.0844
357.0000,336.8414,248.9708
357.0000,336.0268,248.8817
357.0000,335.2112,248.8023
357.0000,334.3946,248.7338
357.0000,333.5760,248.6963
357.0000,332.7569,248.6773
357.0000,331.9391,248.6253
357.0000,331.1204,248.5892
357.0000,330.3019,248.5505
357.0000,329.4834,248.5103
357.0000,328.6650,248.4684
357.0000,327.8481,248.4032
357.0000,327.0308,248.3434
357.0000,326.2136,248.2824
357.0000,325.3970,248.2146
357.0000,324.5812,248.1370
357.0000,323.7670,248.0439
357.0000,322.9565,247.9234
357.0000,322.1573,247.7453
357.0000,321.7855,247.2715
355.9585,321.7859,247.2645
354.9172,321.7872,247.2431
353.8764,321.7894,247.2059
352.8363,321.7925,247.1514
351.7974,321.7968,247.0782
350.7601,321.8022,246.9840
349.7254,321.8091,246.8662
348.6940,321.8175,246.7215
347.6676,321.8277,246.5454
346.6484,321.8401,246.3317
345.6402,321.8552,246.0713
344.6498,321.8739,245.7502
343.6915,321.8975,245.3442
342.8025,321.9287,244.8054
342.1204,321.9737,244.0320
342.1204,322.0319,243.0295
342.8025,322.0768,242.2560
343.6915,322.1081,241.7173
344.6498,322.1317,241.3113
345.6402,322.1503,240.9902
346.6484,322.1654,240.7298
347.6676,322.1778,240.5161
348.6940,322.1881,240.3400
349.7254,322.1965,240.1952
350.7601,322.2033,240.0775
351.7974,322.2088,239.9833
352.8363,322.2130,239.9100
353.8764,322.2162,239.8556
354.9172,322.2184,239.8184
355.9585,322.2196,239.7969
357.0000,322.2200,239.7900
357.0000,321.6177,240.1700
357.0000,320.9883,240.8359
357.0000,320.6600,241.7174
357.0000,320.6600,242.6997
357.0000,320.6600,243.6821
357.0000,321.0500,244.4999
357.0000,321.2879,245.3818
357.0000,321.4400,246.3000
355.9455,321.4384,246.2974
354.8910,321.4334,246.2893
353.8365,321.4247,246.2753
352.7823,321.4119,246.2547
351.7282,321.3948,246.2270
350.6745,321.3726,246.1913
349.6213,321.3448,246.1464
348.5688,321.3105,246.0909
347.5173,321.2683,246.0229
346.4673,321.2165,245.9394
345.4199,321.1523,245.8357
344.3769,321.0704,245.7036
343.3437,320.9598,245.5251
342.3471,320.7819,245.2379
342.3471,320.3967,244.6163
343.3437,320.2187,244.3291
344.3769,320.1081,244.1506
345.4199,320.0263,244.0185
346.4673,319.9620,243.9148
347.5173,319.9103,243.8313
348.5688,319.8681,243.7632
349.6213,319.8337,243.7078
350.6745,319.8059,243.6629
351.7282,319.7838,243.6272
352.7823,319.7666,243.5994
353.8365,319.7539,243.5789
354.8910,319.7452,243.5649
355.9455,319.7402,243.5568
357.0000,319.7386,243.5542
357.0000,319.7430,242.6411
357.0000,319.3449,241.8365
357.0000,318.5018,241.5349
357.0000,317.6000,241.6733
357.0000,316.8264,242.1472
357.0000,316.2377,242.8464
357.0000,315.9475,243.6964
357.0000,316.5834,244.2352
357.0000,317.4964,244.1987
355.9823,317.5540,244.2402
354.9848,317.7276,244.3655
354.0268,318.0123,244.5708
353.1225,318.3957,244.8473
352.2795,318.8622,245.1838
351.4993,319.3959,245.5688
350.7797,319.9831,245.9923
350.1163,320.6125,246.4462
349.5043,321.2752,246.9242
348.9385,321.9644,247.4213
348.4143,322.6750,247.9338
347.9276,323.4030,248.4588
347.4748,324.1452,248.9941
347.0526,324.8992,249.5380
346.6583,325.6630,250.0889
346.2896,326.4352,250.6459
345.9443,327.2146,251.2079
345.6207,328.0000,251.7744
345.3172,328.7907,252.3447
345.0325,329.5860,252.9183
344.7652,330.3852,253.4948
344.5145,331.1880,254.0738
344.2793,331.9938,254.6550
344.0587,332.8024,255.2382
343.8521,333.6134,255.8231
343.6589,334.4266,256.4096
343.4783,335.2416,256.9975
343.3099,336.0584,257.5866
343.1532,336.8767,258.1768
343.0078,337.6964,258.7680
342.8732,338.5173,259.3601
342.7493,339.3393,259.9529
342.6356,340.1623,260.5465
342.5319,340.9862,261.1407
342.4380,341.8108,261.7355
342.3536,342.6361,262.3307
342.2786,343.4620,262.9264
342.2128,344.2884,263.5224
342.1560,345.1152,264.1188
342.1081,345.9425,264.7154
342.0691,346.7700,265.3123
342.0388,347.5977,265.9093
342.0172,348.4257,266.5065
342.0043,349.2538,267.1037
342.0000,350.0819,267.7010
342.0043,350.9100,268.2983
342.0172,351.7381,268.8955
342.0388,352.5660,269.4927
342.0691,353.3938,270.0897
342.1081,354.2213,270.6865
342.1560,355.0485,271.2832
342.2128,355.8754,271.8795
342.2786,356.7018,272.4756
342.3536,357.5277,273.0713
342.4380,358.3530,273.6665
342.5319,359.1776,274.2613
342.6356,360.0014,274.8555
342.7493,360.8244,275.4490
342.8732,361.6464,276.0419
343.0078,362.4673,276.6340
343.1532,363.2870,277.2252
343.3099,364.1053,277.8154
343.4783,364.9221,278.4045
343.6589,365.7372,278.9924
343.8521,366.5503,279.5789
344.0587,367.3613,280.1638
344.2793,368.1699,280.7470
344.5145,368.9758,281.3282
344.7652,369.7785,281.9072
345.0325,370.5778,282.4837
345.3172,371.3731,283.0572
345.6207,372.1638,283.6275
345.9443,372.9492,284.1940
346.2896,373.7285,284.7561
346.6583,374.5007,285.3131
347.0526,375.2646,285.8640
347.4748,376.0186,286.4078
347.9276,376.7608,286.9431
348.4143,377.4887,287.4682
348.9385,378.1993,287.9807
349.5043,378.8886,288.4778
350.1163,379.5513,288.9558
350.7797,380.1806,289.4097
351.4993,380.7678,289.8332
352.2795,381.3016,290.2182
353.1225,381.7680,290.5546
354.0268,382.1515,290.8312
354.9848,382.4361,291.0365
355.9823,382.6098,291.1617
357.0000,382.6674,291.2033
357.0000,381.8649,291.0186
357.0000,381.0384,291.0791
357.0000,380.2257,291.2487
357.0000,379.4244,291.4671
357.0000,378.6284,291.7045
357.0000,377.8353,291.9512
357.0000,377.0353,292.1742
357.0000,376.2239,292.3504
357.0000,375.4030,292.4764
357.0000,374.5753,292.5432
357.0000,373.7451,292.5596
357.0000,372.9150,292.5344
357.0000,372.0858,292.4859
357.0000,371.2566,292.4373
357.0000,370.4266,292.4083
357.0000,369.5962,292.3903
357.0000,368.7658,292.3726
357.0000,367.9356,292.3458
357.0000,367.1057,292.3186
357.0000,366.2751,292.3233
357.0000,365.4447,292.3433
357.0000,364.6146,292.3699
357.0000,363.7865,292.4328
357.0000,362.9626,292.5361
357.0000,362.1410,292.6577
357.0000,361.3172,292.7645
357.0000,360.4972,292.8941
357.0000,359.6854,293.0695
357.0000,358.8935,293.3181
357.0000,358.1470,293.6797
357.0000,357.4844,294.1786
355.9564,357.5103,294.1869
354.9159,357.5903,294.2125
353.8821,357.7279,294.2564
352.8592,357.9262,294.3197
351.8522,358.1879,294.4033
350.8665,358.5151,294.5078
349.9082,358.9092,294.6336
348.9834,359.3702,294.7808
348.0983,359.8973,294.9492
347.2591,360.4885,295.1380
346.4712,361.1406,295.3462
345.7393,361.8495,295.5726
345.0674,362.6105,295.8156
344.4587,363.4182,296.0735
343.9152,364.2671,296.3446
343.4386,365.1517,296.6271
343.0297,366.0666,296.9193
342.6890,367.0065,297.2194
342.4166,367.9664,297.5260
342.2125,368.9416,297.8374
342.0765,369.9275,298.1522
342.0085,370.9197,298.4691
342.0085,371.9141,298.7866
342.0765,372.9064,299.1035
342.2125,373.8923,299.4183
342.4166,374.8674,299.7298
342.6890,375.8273,300.0363
343.0297,376.7672,300.3364
343.4386,377.6821,300.6286
343.9152,378.5667,300.9111
344.4587,379.4157,301.1822
345.0674,380.2234,301.4401
345.7393,380.9843,301.6831
346.4712,381.6932,301.9095
347.2591,382.3453,302.1177
348.0983,382.9365,302.3065
348.9834,383.4636,302.4749
349.9082,383.9246,302.6221
350.8665,384.3187,302.7479
351.8522,384.6459,302.8524
352.8592,384.9076,302.9360
353.8821,385.1060,302.9993
354.9159,385.2435,303.0433
355.9564,385.3235,303.0688
357.0000,385.3495,303.0771
357.0000,384.6587,302.6258
357.0000,383.9592,302.1886
357.0000,383.2494,301.7680
357.0000,382.5241,301.3748
357.0000,381.7856,301.0070
357.0000,381.0351,300.6648
357.0000,380.2720,300.3516
357.0000,379.4964,300.0705
357.0000,378.7090,299.8240
357.0000,377.9110,299.6144
357.0000,377.1039,299.4432
357.0000,376.2900,299.3079
357.0000,375.4760,299.1733
357.0000,374.6531,299.1215
357.0000,373.8292,299.1659
357.0000,373.0049,299.2009
357.0000,372.1800,299.2165
357.0000,371.3550,299.2103
357.0000,370.5308,299.1724
357.0000,369.7072,299.1234
357.0000,368.8842,299.0653
357.0000,368.0625,298.9903
357.0000,367.2415,298.9082
357.0000,366.4211,298.8207
357.0000,365.6031,298.7127
357.0000,364.7856,298.6008
357.0000,363.9694,298.4801
357.0000,363.1544,298.3517
357.0000,362.3402,298.2179
357.0000,361.5286,298.0695
357.0000,360.7186,297.9125
357.0000,359.9109,297.7443
357.0000,359.1084,297.5522
357.0000,358.3133,297.3323
357.0000,357.5341,297.0624
357.0000,356.8791,296.5905
355.9421,356.8776,296.5874
354.8843,356.8730,296.5780
353.8266,356.8650,296.5616
352.7690,356.8533,296.5377
351.7118,356.8374,296.5053
350.6549,356.8170,296.4636
349.5986,356.7913,296.4113
348.5432,356.7596,296.3466
347.4891,356.7207,296.2672
346.4368,356.6728,296.1696
345.3876,356.6134,296.0485
344.3439,356.5377,295.8940
343.3122,356.4353,295.6851
342.3256,356.2706,295.3491
342.3256,355.9285,294.6513
343.3122,355.7638,294.3153
344.3439,355.6614,294.1064
345.3876,355.5857,293.9520
346.4368,355.5263,293.8308
347.4891,355.4785,293.7333
348.5432,355.4396,293.6539
349.5986,355.4078,293.5892
350.6549,355.3822,293.5368
351.7118,355.3617,293.4951
352.7690,355.3459,293.4628
353.8266,355.3341,293.4388
354.8843,355.3261,293.4225
355.9421,355.3215,293.4130
357.0000,355.3200,293.4100
357.0000,354.9300,294.5293
357.0000,354.9445,295.7383
357.0000,355.7100,296.4700
355.9464,355.7074,296.4715
354.8929,355.6994,296.4760
353.8395,355.6855,296.4838
352.7862,355.6651,296.4953
351.7331,355.6376,296.5109
350.6803,355.6021,296.5309
349.6280,355.5576,296.5560
348.5763,355.5026,296.5870
347.5256,355.4351,296.6251
346.4764,355.3522,296.6718
345.4295,355.2494,296.7298
344.3868,355.1184,296.8037
343.3532,354.9415,296.9035
342.3537,354.6570,297.0640
342.3537,354.0330,297.4160
343.3532,353.7485,297.5765
344.3868,353.5716,297.6763
345.4295,353.4406,297.7502
346.4764,353.3378,297.8082
347.5256,353.2549,297.8549
348.5763,353.1874,297.8930
349.6280,353.1324,297.9240
350.6803,353.0879,297.9491
351.7331,353.0524,297.9691
352.7862,353.0249,297.9847
353.8395,353.0045,297.9962
354.8929,352.9906,298.0040
355.9464,352.9826,298.0085
357.0000,352.9800,298.0100
357.0000,353.3700,297.4797
357.0000,353.7600,296.7240
357.0000,353.4737,296.0900
357.0000,352.5534,296.0900
357.0000,351.9494,296.6046
357.0000,351.3405,297.2400
357.0000,351.0400,297.8597
357.0000,351.4300,298.3900
355.9929,351.4876,298.3280
355.0143,351.6593,298.1433
354.0880,351.9350,297.8468
353.2282,352.2972,297.4571
352.4385,352.7274,296.9944
351.7161,353.2094,296.4759
351.0549,353.7306,295.9152
350.4482,354.2818,295.3223
349.8896,354.8561,294.7045
349.3733,355.4485,294.0673
348.8943,356.0553,293.4146
348.4484,356.6737,292.7494
348.0321,357.3015,292.0740
347.6423,357.9373,291.3901
347.2766,358.5796,290.6992
346.9326,359.2275,290.0023
346.6086,359.8801,289.3003
346.3029,360.5368,288.5938
346.0142,361.1970,287.8836
345.7411,361.8604,287.1700
345.4826,362.5264,286.4536
345.2379,363.1949,285.7345
345.0059,363.8655,285.0132
344.7861,364.5379,284.2898
344.5777,365.2120,283.5647
344.3802,365.8877,282.8379
344.1929,366.5647,282.1096
344.0156,367.2430,281.3800
343.8476,367.9223,280.6493
343.6886,368.6027,279.9174
343.5383,369.2839,279.1846
343.3964,369.9660,278.4508
343.2625,370.6489,277.7163
343.1364,371.3324,276.9810
343.0178,372.0166,276.2450
342.9066,372.7013,275.5085
342.8025,373.3866,274.7713
342.7053,374.0723,274.0337
342.6150,374.7585,273.2956
342.5312,375.4450,272.5571
342.4540,376.1319,271.8182
342.3832,376.8191,271.0789
342.3186,377.5067,270.3394
342.2602,378.1944,269.5996
342.2078,378.8824,268.8595
342.1615,379.5706,268.1192
342.1211,380.2590,267.3787
342.0866,380.9475,266.6381
342.0579,381.6361,265.8973
342.0350,382.3248,265.1565
342.0178,383.0137,264.4155
342.0064,383.7025,263.6745
342.0007,384.3914,262.9334
342.0007,385.0803,262.1924
342.0064,385.7692,261.4513
342.0178,386.4581,260.7103
342.0350,387.1469,259.9694
342.0579,387.8357,259.2285
342.0866,388.5243,258.4877
342.1211,389.2128,257.7471
342.1615,389.9012,257.0066
342.2078,390.5894,256.2663
342.2602,391.2774,255.5263
342.3186,391.9651,254.7864
342.3832,392.6526,254.0469
342.4540,393.3398,253.3076
342.5312,394.0267,252.5687
342.6150,394.7133,251.8302
342.7053,395.3995,251.0921
342.8025,396.0852,250.3545
342.9066,396.7704,249.6174
343.0178,397.4552,248.8808
343.1364,398.1393,248.1448
343.2625,398.8229,247.4095
343.3964,399.5057,246.6750
343.5383,400.1878,245.9413
343.6886,400.8691,245.2084
343.8476,401.5495,244.4766
344.0156,402.2288,243.7458
344.1929,402.9071,243.0162
344.3802,403.5841,242.2879
344.5777,404.2597,241.5611
344.7861,404.9339,240.8360
345.0059,405.6063,240.1126
345.2379,406.2769,239.3913
345.4826,406.9453,238.6722
345.7411,407.6114,237.9558
346.0142,408.2747,237.2422
346.3029,408.9350,236.5320
346.6086,409.5917,235.8256
346.9326,410.2443,235.1235
347.2766,410.8922,234.4266
347.6423,411.5345,233.7357
348.0321,412.1702,233.0518
348.4484,412.7981,232.3764
348.8943,413.4165,231.7112
349.3733,414.0233,231.0585
349.8896,414.6156,230.4213
350.4482,415.1899,229.8035
351.0549,415.7411,229.2106
351.7161,416.2624,228.6499
352.4385,416.7444,228.1314
353.2282,417.1746,227.6687
354.0880,417.5368,227.2791
355.0143,417.8124,226.9825
355.9929,417.9841,226.7978
357.0000,418.0418,226.7358
357.0000,417.1712,226.4816
357.0000,416.3590,226.0773
357.0000,415.6048,225.5725
357.0000,414.8915,225.0108
357.0000,414.1978,224.4249
357.0000,413.4787,223.8711
357.0000,412.7441,223.3375
357.0000,411.9887,222.8341
357.0000,411.2104,222.3665
357.0000,410.4045,221.9489
357.0000,409.5745,221.5811
357.0000,408.7362,221.4072
355.9494,408.7457,221.4132
354.8994,408.7749,221.4321
353.8505,408.8255,221.4647
352.8035,408.8994,221.5124
351.7596,408.9988,221.5765
350.7200,409.1262,221.6586
349.6865,409.2848,221.7609
348.6615,409.4785,221.8858
347.6484,409.7121,222.0365
346.6521,409.9920,222.2169
345.6799,410.3262,222.4324
344.7432,410.7256,222.6900
343.8616,411.2048,222.9991
343.0692,411.7832,223.3720
342.4297,412.4811,223.8221
342.0514,413.3004,224.3504
342.0514,414.1777,224.9162
342.4297,414.9971,225.4445
343.0692,415.6950,225.8946
343.8616,416.2733,226.2675
344.7432,416.7526,226.5766
345.6799,417.1520,226.8342
346.6521,417.4862,227.0497
347.6484,417.7660,227.2301
348.6615,417.9997,227.3808
349.6865,418.1934,227.5057
350.7200,418.3520,227.6080
351.7596,418.4794,227.6901
352.8035,418.5787,227.7542
353.8505,418.6526,227.8019
354.8994,418.7033,227.8345
355.9494,418.7325,227.8534
357.0000,418.7419,227.8595
357.0000,418.8096,228.7224
357.0000,418.8422,229.5873
357.0000,418.8450,230.4529
357.0000,418.8248,231.3183
357.0000,418.7870,232.1831
357.0000,418.7398,233.0474
357.0000,418.6902,233.9116
357.0000,418.6405,234.7758
357.0000,418.5894,235.6399
357.0000,418.5382,236.5041
357.0000,418.4908,237.3684
357.0000,418.4620,238.2334
357.0000,418.4453,239.0989
357.0000,418.4378,239.9644
357.0000,418.4307,240.8301
357.0000,418.4141,241.6955
357.0000,418.3726,242.5601
357.0000,418.2817,243.4205
357.0000,418.0713,244.2581
355.9624,418.0708,244.2589
354.9248,418.0690,244.2615
353.8872,418.0659,244.2660
352.8496,418.0615,244.2725
351.8120,418.0554,244.2813
350.7745,418.0476,244.2926
349.7370,418.0378,244.3069
348.6996,418.0258,244.3244
347.6623,418.0110,244.3459
346.6252,417.9929,244.3722
345.5883,417.9705,244.4048
344.5519,417.9421,244.4462
343.5165,417.9040,244.5017
342.4845,417.8438,244.5894
342.4845,417.6783,244.8303
343.5165,417.6180,244.9180
344.5519,417.5799,244.9735
345.5883,417.5515,245.0148
346.6252,417.5291,245.0474
347.6623,417.5110,245.0738
348.6996,417.4962,245.0953
349.7370,417.4842,245.1128
350.7745,417.4744,245.1270
351.8120,417.4666,245.1384
352.8496,417.4606,245.1472
353.8872,417.4561,245.1537
354.9248,417.4530,245.1582
355.9624,417.4513,245.1608
357.0000,417.4507,245.1616
357.0000,416.8160,244.5918
357.0000,416.1703,244.0345
357.0000,415.5104,243.4942
357.0000,414.8327,242.9765
357.0000,414.1331,242.4887
357.0000,413.4031,242.0482
357.0000,412.6435,241.6608
357.0000,411.8505,241.3473
357.0000,411.0375,241.0948
357.0000,410.2131,240.8770
357.0000,409.4035,240.6092
357.0000,408.5997,240.3239
357.0000,407.8023,240.0212
357.0000,406.9918,239.7561
357.0000,406.1838,239.4839
357.0000,405.3929,239.1647
357.0000,404.6127,238.8201
357.0000,403.8487,238.4412
357.0000,403.1256,237.9905
355.9671,403.1292,237.9750
354.9353,403.1402,237.9271
353.9059,403.1592,237.8442
352.8803,403.1869,237.7237
351.8607,403.2240,237.5626
350.8494,403.2711,237.3575
349.8497,403.3292,237.1046
348.8653,403.3993,236.7997
347.9013,403.4824,236.4382
346.9641,403.5796,236.0152
346.0620,403.6922,235.5253
345.2054,403.8214,234.9632
344.4079,403.9683,234.3239
343.6868,404.1338,233.6038
343.0631,404.3181,232.8022
342.5613,404.5201,231.9232
342.2072,404.7372,230.9787
342.0234,404.9646,229.9893
342.0234,405.1956,228.9839
342.2072,405.4230,227.9945
342.5613,405.6401,227.0499
343.0631,405.8421,226.1710
343.6868,406.0264,225.3694
344.4079,406.1919,224.6493
345.2054,406.3388,224.0100
346.0620,406.4680,223.4479
346.9641,406.5806,222.9580
347.9013,406.6778,222.5350
348.8653,406.7609,222.1735
349.8497,406.8310,221.8686
350.8494,406.8891,221.6157
351.8607,406.9363,221.4106
352.8803,406.9733,221.2495
353.9059,407.0010,221.1290
354.9353,407.0200,221.0461
355.9671,407.0310,220.9982
357.0000,407.0346,220.9827
357.0000,406.9684,221.8208
357.0000,406.8270,222.6501
357.0000,406.6390,223.4702
357.0000,406.4250,224.2840
357.0000,406.1964,225.0938
357.0000,405.9592,225.9011
357.0000,405.7178,226.7072
357.0000,405.4755,227.5131
357.0000,405.2357,228.3196
357.0000,405.0012,229.1278
357.0000,404.7744,229.9381
357.0000,404.5577,230.7512
357.0000,404.3538,231.5675
357.0000,404.1658,232.3877
357.0000,403.9971,233.2120
357.0000,403.8525,234.0409
357.0000,403.7377,234.8745
357.0000,403.6620,235.7126
357.0000,403.6323,236.5535
357.0000,403.6600,237.3944
355.9565,403.6640,237.3974
354.9131,403.6762,237.4065
353.8699,403.6973,237.4222
352.8271,403.7282,237.4453
351.7848,403.7699,237.4764
350.7435,403.8235,237.5164
349.7033,403.8907,237.5665
348.6649,403.9735,237.6283
347.6291,404.0747,237.7038
346.5970,404.1982,237.7959
345.5709,404.3500,237.9091
344.5548,404.5401,238.0509
343.5585,404.7879,238.2358
342.6148,405.1415,238.4996
342.0001,405.7750,238.9722
342.6148,406.4085,239.4448
343.5585,406.7622,239.7086
344.5548,407.0099,239.8935
345.5709,407.2001,240.0353
346.5970,407.3519,240.1485
347.6291,407.4753,240.2407
348.6649,407.5765,240.3161
349.7033,407.6593,240.3779
350.7435,407.7265,240.4280
351.7848,407.7802,240.4681
352.8271,407.8218,240.4991
353.8699,407.8527,240.5222
354.9131,407.8739,240.5380
355.9565,407.8861,240.5471
357.0000,407.8900,240.5500
357.0000,407.0537,241.3706
357.0000,406.0897,242.0111
357.0000,405.4506,242.9566
357.0000,404.7800,243.6200
355.9748,404.8173,243.6568
354.9610,404.9312,243.7693
353.9703,405.1224,243.9582
353.0143,405.3882,244.2207
352.1022,405.7232,244.5516
351.2403,406.1200,244.9435
350.4319,406.5702,245.3883
349.6778,407.0659,245.8779
348.9768,407.5997,246.4051
348.3266,408.1650,246.9635
347.7241,408.7566,247.5478
347.1664,409.3700,248.1536
346.6502,410.0015,248.7774
346.1725,410.6483,249.4162
345.7307,411.3078,250.0677
345.3223,411.9781,250.7297
344.9449,412.6576,251.4009
344.5966,413.3449,252.0797
344.2756,414.0389,252.7652
343.9804,414.7387,253.4564
343.7096,415.4434,254.1525
343.4618,416.1524,254.8528
343.2361,416.8652,255.5568
343.0315,417.5812,256.2640
342.8472,418.2999,256.9739
342.6824,419.0211,257.6862
342.5365,419.7443,258.4006
342.4090,420.4692,259.1166
342.2994,421.1957,259.8342
342.2073,421.9234,260.5529
342.1323,422.6520,261.2726
342.0743,423.3815,261.9931
342.0330,424.1115,262.7142
342.0082,424.8419,263.4357
342.0000,425.5725,264.1573
342.0082,426.3031,264.8789
342.0330,427.0335,265.6004
342.0743,427.7636,266.3214
342.1323,428.4930,267.0419
342.2073,429.2217,267.7617
342.2994,429.9494,268.4804
342.4090,430.6758,269.1979
342.5365,431.4008,269.9140
342.6824,432.1240,270.6283
342.8472,432.8451,271.3406
343.0315,433.5639,272.0506
343.2361,434.2799,272.7577
343.4618,434.9926,273.4617
343.7096,435.7017,274.1621
343.9804,436.4064,274.8582
344.2756,437.1062,275.5493
344.5966,437.8002,276.2348
344.9449,438.4875,276.9137
345.3223,439.1670,277.5848
345.7307,439.8373,278.2469
346.1725,440.4968,278.8983
346.6502,441.1435,279.5371
347.1664,441.7751,280.1609
347.7241,442.3885,280.7668
348.3266,442.9800,281.3511
348.9768,443.5454,281.9095
349.6778,444.0791,282.4367
350.4319,444.5748,282.9263
351.2403,445.0251,283.3710
352.1022,445.4219,283.7629
353.0143,445.7569,284.0938
353.9703,446.0227,284.3564
354.9610,446.2139,284.5452
355.9748,446.3278,284.6577
357.0000,446.3651,284.6946
357.0000,446.8259,285.4325
357.0000,447.2669,286.1823
357.0000,447.6930,286.9408
357.0000,448.1074,287.7056
357.0000,448.5126,288.4754
357.0000,448.9103,289.2492
357.0000,449.3018,290.0261
357.0000,449.6881,290.8055
357.0000,450.0699,291.5872
357.0000,450.4493,292.3701
357.0000,450.8273,293.1536
357.0000,451.2032,293.9382
357.0000,451.5886,294.7181
357.0000,451.9990,295.4851
357.0000,452.4188,296.2471
357.0000,452.8468,297.0044
357.0000,453.2884,297.7539
357.0000,453.2512,297.5306
355.9619,453.2416,297.5192
354.9248,453.2120,297.4839
353.8897,453.1606,297.4228
352.8581,453.0859,297.3339
351.8316,452.9859,297.2148
350.8126,452.8583,297.0630
349.8038,452.7007,296.8753
348.8090,452.5100,296.6483
347.8327,452.2831,296.3782
346.8813,452.0161,296.0604
345.9631,451.7048,295.6899
345.0891,451.3448,295.2613
344.2745,450.9312,294.7691
343.5397,450.4601,294.2083
342.9112,449.9293,293.5764
342.4222,449.3411,292.8763
342.1086,448.7056,292.1199
342.0000,448.0427,291.3307
342.1086,447.3797,290.5416
342.4222,446.7442,289.7852
342.9112,446.1561,289.0850
343.5397,445.6253,288.4532
344.2745,445.1541,287.8924
345.0891,444.7406,287.4001
345.9631,444.3805,286.9715
346.8813,444.0693,286.6011
347.8327,443.8023,286.2833
348.8090,443.5753,286.0131
349.8038,443.3847,285.7862
350.8126,443.2270,285.5985
351.8316,443.0994,285.4466
352.8581,442.9994,285.3276
353.8897,442.9247,285.2387
354.9248,442.8734,285.1776
355.9619,442.8437,285.1423
357.0000,442.8341,285.1309
357.0000,443.1570,285.9650
357.0000,443.4993,286.7913
357.0000,443.8577,287.6109
357.0000,444.2294,288.4244
357.0000,444.6124,289.2327
357.0000,445.0050,290.0364
357.0000,445.4060,290.8360
357.0000,445.8145,291.6317
357.0000,446.2315,292.4230
357.0000,446.6499,293.2135
357.0000,447.0534,294.0118
357.0000,447.4849,294.7953
357.0000,447.9203,295.5766
357.0000,448.3532,296.3594
357.0000,448.7718,297.1498
357.0000,449.1308,297.9683
355.9439,449.1286,297.9551
354.8886,449.1219,297.9146
353.8348,449.1103,297.8443
352.7838,449.0934,297.7418
351.7369,449.0707,297.6042
350.6960,449.0416,297.4280
349.6634,449.0055,297.2092
348.6424,448.9616,296.9430
347.6372,448.9089,296.6235
346.6538,448.8463,296.2437
345.7009,448.7722,295.7948
344.7911,448.6850,295.2664
343.9435,448.5826,294.6457
343.1876,448.4628,293.9192
342.5687,448.3238,293.0768
342.1501,448.1664,292.1228
342.0000,447.9968,291.0948
342.1501,447.8272,290.0668
342.5687,447.6698,289.1128
343.1876,447.5309,288.2704
343.9435,447.4110,287.5440
344.7911,447.3086,286.9232
345.7009,447.2214,286.3948
346.6538,447.1474,285.9459
347.6372,447.0847,285.5661
348.6424,447.0320,285.2466
349.6634,446.9881,284.9804
350.6960,446.9520,284.7616
351.7369,446.9230,284.5855
352.7838,446.9002,284.4478
353.8348,446.8833,284.3453
354.8886,446.8717,284.2751
355.9439,446.8650,284.2345
357.0000,446.8629,284.2214
357.0000,446.2442,284.8101
357.0000,445.4664,285.1563
357.0000,444.6176,285.2511
357.0000,443.7649,285.1721
357.0000,442.9267,284.9913
357.0000,442.0958,284.7792
357.0000,441.2636,284.5714
357.0000,440.4307,284.3673
357.0000,439.5816,284.3107
357.0000,438.7281,284.3961
357.0000,437.8741,284.4767
357.0000,437.0179,284.4885
357.0000,436.1708,284.3568
357.0000,435.3578,284.0909
357.0000,434.6014,283.6884
357.0000,433.9493,283.1350
357.0000,433.4671,282.4325
357.0000,433.3247,281.6045
357.0000,433.9546,281.1169
357.0000,434.7918,281.1904
357.0000,435.4533,281.7174
357.0000,435.8457,282.4748
357.0000,436.0239,283.3115
357.0000,436.0573,284.1679
357.0000,436.0001,285.0238
355.9647,436.0157,285.0366
354.9311,436.0638,285.0759
353.9012,436.1468,285.1439
352.8775,436.2671,285.2424
351.8630,436.4274,285.3736
350.8613,436.6301,285.5395
349.8767,436.8780,285.7425
348.9144,437.1737,285.9844
347.9804,437.5193,286.2674
347.0817,437.9169,286.5929
346.2260,438.3679,286.9621
345.4224,438.8729,287.3754
344.6803,439.4313,287.8325
344.0096,440.0415,288.3320
343.4205,440.7001,288.8711
342.9227,441.4023,289.4459
342.5252,442.1418,290.0513
342.2354,442.9107,290.6806
342.0592,443.6999,291.3267
342.0000,444.4994,291.9812
342.0592,445.2990,292.6357
342.2354,446.0882,293.2817
342.5252,446.8570,293.9111
342.9227,447.5965,294.5164
343.4205,448.2988,295.0912
344.0096,448.9574,295.6304
344.6803,449.5675,296.1298
345.4224,450.1259,296.5869
346.2260,450.6309,297.0003
347.0817,451.0819,297.3694
347.9804,451.4795,297.6949
348.9144,451.8252,297.9779
349.8767,452.1208,298.2199
350.8613,452.3687,298.4228
351.8630,452.5714,298.5888
352.8775,452.7317,298.7199
353.9012,452.8520,298.8184
354.9311,452.9350,298.8864
355.9647,452.9831,298.9258
357.0000,452.9987,298.9385
357.0000,452.1874,298.6462
357.0000,451.3596,298.4049
357.0000,450.5201,298.2078
357.0000,449.6720,298.0517
357.0000,448.8186,297.9268
357.0000,447.9623,297.8241
357.0000,447.1041,297.7377
357.0000,446.2451,297.6598
357.0000,445.3873,297.5712
357.0000,444.5338,297.4482
357.0000,443.6861,297.2893
357.0000,442.8321,297.1684
357.0000,441.9738,297.0903
357.0000,441.1120,297.0637
357.0000,440.2715,296.8860
357.0000,439.5650,296.4032
357.0000,439.2369,295.6195
357.0000,439.1979,294.7600
357.0000,439.3710,293.9202
357.0000,440.0356,293.6570
357.0000,440.5451,294.3469
355.9638,440.5694,294.3626
354.9311,440.6441,294.4109
353.9058,440.7723,294.4937
352.8928,440.9566,294.6130
351.8974,441.1992,294.7698
350.9253,441.5014,294.9651
349.9828,441.8634,295.1992
349.0758,442.2847,295.4716
348.2102,442.7635,295.7811
347.3914,443.2972,296.1262
346.6238,443.8821,296.5043
345.9111,444.5140,296.9129
345.2559,445.1885,297.3489
344.6601,445.9007,297.8094
344.1246,446.6461,298.2913
343.6500,447.4199,298.7916
343.2363,448.2180,299.3076
342.8831,449.0364,299.8367
342.5899,449.8714,300.3765
342.3562,450.7195,300.9248
342.1815,451.5775,301.4795
342.0653,452.4425,302.0388
342.0073,453.3117,302.6007
342.0073,454.1822,303.1635
342.0653,455.0513,303.7254
342.1815,455.9163,304.2847
342.3562,456.7744,304.8394
342.5899,457.6224,305.3877
342.8831,458.4574,305.9275
343.2363,459.2758,306.4566
343.6500,460.0739,306.9726
344.1246,460.8478,307.4729
344.6601,461.5931,307.9548
345.2559,462.3053,308.4153
345.9111,462.9798,308.8513
346.6238,463.6117,309.2599
347.3914,464.1966,309.6381
348.2102,464.7303,309.9831
349.0758,465.2091,310.2926
349.9828,465.6304,310.5650
350.9253,465.9924,310.7991
351.8974,466.2946,310.9944
352.8928,466.5372,311.1513
353.9058,466.7216,311.2705
354.9311,466.8497,311.3533
355.9638,466.9244,311.4016
357.0000,466.9487,311.4173
357.0000,466.9923,311.0532
357.0000,466.1550,310.9970
357.0000,465.3152,310.9873
357.0000,464.4754,310.9935
357.0000,463.6356,311.0072
357.0000,462.7958,311.0237
357.0000,461.9560,311.0349
357.0000,461.1176,311.0753
357.0000,460.2799,311.1348
357.0000,459.4409,311.1704
357.0000,458.6016,311.1616
357.0000,457.7647,311.0933
357.0000,456.9335,310.9755
357.0000,456.1126,310.7998
357.0000,455.3384,310.4873
357.0000,454.7135,309.9314
357.0000,454.2821,309.2161
357.0000,454.2220,308.3875
357.0000,454.4183,307.5762
357.0000,454.9148,306.9178
357.0000,455.6990,306.7306
357.0000,456.4569,307.0712
357.0000,456.7116,307.8467
357.0000,456.5895,308.6710
357.0000,456.0779,309.3176
357.0000,455.2818,309.5368
355.9571,455.2923,309.5386
354.9147,455.3249,309.5440
353.8734,455.3813,309.5534
352.8338,455.4636,309.5671
351.7969,455.5742,309.5855
350.7640,455.7161,309.6091
349.7366,455.8927,309.6385
348.7169,456.1084,309.6743
347.7080,456.3686,309.7176
346.7143,456.6805,309.7695
345.7425,457.0534,309.8316
344.8032,457.4998,309.9058
343.9145,458.0371,309.9952
343.1093,458.6892,310.1037
342.4507,459.4838,310.2360
342.0544,460.4297,310.3933
342.0544,461.4511,310.5633
342.4507,462.3970,310.7207
343.1093,463.1916,310.8529
343.9145,463.8437,310.9614
344.8032,464.3810,311.0508
345.7425,464.8274,311.1250
346.7143,465.2003,311.1871
347.7080,465.5122,311.2390
348.7169,465.7724,311.2823
349.7366,465.9881,311.3182
350.7640,466.1647,311.3475
351.7969,466.3066,311.3712
352.8338,466.4172,311.3896
353.8734,466.4995,311.4032
354.9147,466.5559,311.4126
355.9571,466.5885,311.4181
357.0000,466.5990,311.4198
357.0000,465.7138,311.6684
357.0000,464.9966,312.2414
357.0000,464.4659,312.9977
357.0000,464.0126,313.8039
357.0000,463.4531,314.5367
357.0000,462.7996,315.1901
357.0000,462.0396,315.7136
357.0000,461.1771,316.0369
357.0000,460.2592,316.1072
357.0000,459.3511,315.9421
