x,y,z
101.64,129.61,1
101.64,129.61,1
101.64,129.61,1
101.64,129.61,1
101.64,129.79,1
101.79,129.79,1
102.24,130.69,1
102.69,131.42,1
103.44,132.33,1
104.19,133.42,1
105.69,135.42,1
106.29,136.14,1
107.78,137.78,1
109.13,139.05,1
110.03,140.14,1
111.38,141.59,1
111.82,142.13,1
112.42,142.86,1
113.17,143.59,1
114.07,144.49,1
114.97,145.4,1
115.72,146.13,1
116.32,146.67,1
117.51,147.76,1
117.96,148.13,1
118.86,148.85,1
119.61,149.58,1
120.06,149.76,1
120.51,150.12,1
120.96,150.67,1
122.75,152.3,1
123.35,153.03,1
124.4,154.12,1
124.85,154.66,1
125.6,155.57,1
126.34,156.3,1
126.94,157.02,1
127.99,157.93,1
128.74,159.02,1
129.64,159.75,1
130.84,161.2,1
131.58,161.93,1
132.48,162.83,1
133.08,163.38,1
135.33,165.01,1
136.08,165.56,1
136.67,166.1,1
137.87,167.01,1
139.52,168.28,1
140.87,169.19,1
141.61,169.92,1
142.66,170.82,1
143.56,172.09,1
144.16,172.64,1
145.21,173.91,1
145.96,174.82,1
146.7,175.73,1
147.75,177.0,1
148.95,178.63,1
150.0,179.72,1
151.19,180.81,1
152.24,181.72,1
152.99,182.63,1
153.14,182.81,1
153.44,182.99,1
154.79,184.08,1
155.84,184.99,1
157.63,186.8,1
158.68,187.71,1
159.43,188.44,1
160.48,189.53,1
163.02,191.89,1
163.92,192.61,1
165.12,193.7,1
166.16,194.97,1
169.16,198.06,1
170.21,198.97,1
171.1,199.33,1
171.85,199.69,1
172.45,199.88,1
173.05,200.06,1
174.85,201.15,1
175.45,201.33,1
176.94,202.05,1
177.69,202.24,1
178.89,202.6,1
179.34,202.6,1
179.49,202.78,1
179.94,202.78,1
180.39,202.6,1
181.28,202.24,1
181.43,202.24,1
182.48,202.05,1
183.23,201.87,1
183.98,201.69,1
185.03,201.33,1
186.22,201.15,1
188.02,200.6,1
188.62,200.24,1
189.67,200.06,1
190.12,199.88,1
191.16,199.69,1
192.51,199.33,1
193.86,199.15,1
194.61,198.79,1
195.8,198.42,1
196.85,198.24,1
197.15,198.24,1
197.6,198.06,1
198.2,197.88,1
200.0,197.51,1
200.45,197.33,1
201.19,196.61,1
201.79,196.06,1
203.14,195.15,1
204.04,194.25,1
204.49,193.52,1
205.09,192.61,1
205.68,191.89,1
205.98,191.52,1
206.13,191.16,1
206.58,190.8,1
207.03,190.25,1
207.63,189.71,1
207.78,189.53,1
208.08,189.34,1
208.38,188.8,1
208.98,187.89,1
209.28,186.98,1
209.43,186.26,1
209.58,185.71,1
209.88,184.99,1
211.07,184.44,1
211.37,183.9,1
211.67,183.35,1
212.42,181.72,1
213.02,180.27,1
213.47,179.54,1
213.92,178.99,1
213.92,178.99,1
214.22,178.45,1
214.82,177.54,1
215.71,176.45,1
218.11,175.0,1
218.26,174.82,1
220.65,174.27,1
222.6,173.73,1
223.35,173.37,1
223.65,173.18,1
224.7,173.0,1
225.44,172.82,1
225.74,172.82,1
226.04,172.64,1
226.49,172.46,1
226.49,172.46,1
229.04,171.37,1
230.38,170.82,1
231.73,170.82,1
233.38,170.82,1
234.43,170.64,1
235.17,170.46,1
235.92,170.28,1
236.52,169.92,1
237.27,169.73,1
239.07,169.01,1
239.82,168.83,1
240.86,168.28,1
241.76,167.74,1
242.81,167.19,1
243.56,166.65,1
244.31,165.92,1
245.65,165.01,1
245.95,164.65,1
246.55,164.1,1
247.3,163.56,1
248.5,163.02,1
249.1,162.65,1
249.1,162.47,1
249.7,161.93,1
250.29,161.38,1
250.44,160.84,1
250.74,159.57,1
250.89,158.29,1
250.89,156.84,1
250.29,154.84,1
249.55,152.48,1
248.35,150.31,1
247.0,148.67,1
244.76,147.22,1
242.36,145.95,1
240.41,145.04,1
238.17,144.31,1
236.82,143.95,1
235.77,143.59,1
234.73,143.04,1
232.93,142.5,1
231.13,141.59,1
229.79,140.86,1
228.29,140.32,1
226.79,139.77,1
224.85,139.05,1
223.8,138.68,1
222.3,138.14,1
219.46,137.05,1
217.66,136.32,1
216.46,135.96,1
214.97,135.42,1
213.17,135.05,1
210.47,134.69,1
208.83,134.69,1
207.33,134.69,1
205.53,134.51,1
204.04,134.33,1
202.69,134.14,1
201.49,133.96,1
200.59,133.96,1
199.7,133.78,1
197.15,133.06,1
196.1,133.06,1
194.31,132.69,1
193.26,132.51,1
192.51,132.33,1
189.97,132.33,1
188.02,131.78,1
186.07,131.06,1
184.43,130.88,1
182.33,130.51,1
181.13,130.51,1
179.64,130.33,1
178.29,130.33,1
176.19,130.15,1
175.45,130.15,1
174.55,130.15,1
173.35,130.15,1
171.55,130.15,1
170.06,129.97,1
168.86,129.79,1
167.66,129.79,1
165.86,129.79,1
165.27,129.79,1
164.22,129.79,1
163.47,129.79,1
162.42,129.97,1
161.37,129.97,1
160.33,129.97,1
158.83,129.79,1
157.33,129.24,1
156.73,129.24,1
155.69,129.24,1
154.19,129.24,1
153.44,129.06,1
152.24,128.88,1
151.49,128.88,1
150.75,128.7,1
149.85,128.52,1
149.55,128.52,1
149.55,128.52,1
149.55,128.52,1
149.7,128.33,1
149.85,128.15,1
150.0,127.79,1
150.45,127.43,1
150.6,127.43,1
151.19,127.43,1
151.64,127.61,1
152.24,127.79,1
152.69,127.79,1
153.44,127.97,1
154.49,128.33,1
155.54,128.52,1
156.43,128.52,1
157.18,128.33,1
158.53,128.15,1
159.58,128.15,1
161.52,128.15,1
163.32,128.33,1
164.52,128.33,1
166.16,128.33,1
167.51,128.33,1
168.86,128.33,1
170.95,128.33,1
173.05,128.7,1
175.45,129.06,1
177.84,129.24,1
179.79,129.24,1
180.68,129.24,1
182.78,129.24,1
183.98,129.24,1
185.48,129.24,1
186.52,129.24,1
187.12,129.24,1
188.62,129.24,1
190.27,129.42,1
191.01,129.42,1
192.06,129.42,1
193.26,129.42,1
194.91,129.61,1
196.25,129.79,1
197.45,129.79,1
198.5,129.79,1
199.55,129.79,1
200.74,129.61,1
202.54,129.61,1
204.34,129.61,1
205.39,129.79,1
206.13,129.79,1
207.18,129.79,1
208.68,129.97,1
209.88,129.97,1
211.07,130.15,1
213.32,130.33,1
215.71,130.69,1
217.66,130.69,1
219.61,130.88,1
220.06,130.88,1
221.4,130.88,1
223.05,130.88,1
224.1,130.88,1
225.29,130.69,1
226.49,130.69,1
227.69,130.51,1
229.64,130.69,1
230.53,130.88,1
231.88,130.88,1
233.53,130.88,1
234.73,130.88,1
235.92,130.88,1
236.82,130.88,1
237.72,130.88,1
238.77,130.69,1
239.82,130.69,1
240.86,130.51,1
242.21,130.33,1
243.26,130.15,1
244.31,129.97,1
245.2,129.97,1
246.4,129.79,1
247.45,129.61,1
248.5,129.61,1
249.4,129.42,1
250.29,129.42,1
250.89,129.24,1
251.49,129.24,1
251.94,129.24,1
252.69,129.24,1
253.59,129.24,1
254.64,129.24,1
255.23,129.06,1
255.83,129.06,1
255.98,128.88,1
255.98,128.88,1
256.13,128.7,1
256.58,127.79,1
256.58,127.24,1
256.58,126.52,1
256.43,126.16,1
255.98,125.07,1
255.38,124.7,1
254.79,123.98,1
253.89,123.79,1
252.54,123.98,1
251.04,123.98,1
248.95,123.79,1
246.55,123.61,1
244.46,123.43,1
242.96,123.43,1
241.01,123.07,1
239.82,122.71,1
238.32,122.34,1
236.37,121.98,1
234.73,121.43,1
233.83,121.25,1
232.18,120.53,1
229.64,119.44,1
227.54,118.89,1
225.59,118.89,1
223.95,118.89,1
222.9,118.71,1
221.55,118.71,1
219.91,118.53,1
217.81,118.35,1
217.06,118.17,1
215.86,118.17,1
214.37,117.8,1
213.32,117.62,1
211.97,117.08,1
210.33,116.35,1
208.83,115.81,1
207.78,115.44,1
206.43,114.72,1
205.09,114.35,1
203.89,113.99,1
202.69,113.81,1
201.49,113.45,1
200.3,113.26,1
199.55,113.81,1
198.05,114.9,1
196.85,116.71,1
195.65,118.53,1
195.21,119.98,1
194.91,121.43,1
194.31,122.34,1
193.71,123.43,1
193.11,124.88,1
192.66,125.97,1
192.36,127.06,1
192.06,128.52,1
191.76,129.61,1
191.46,130.69,1
191.16,131.97,1
190.71,133.06,1
190.27,133.78,1
189.82,134.69,1
189.37,135.6,1
189.22,136.32,1
188.92,137.41,1
188.47,138.5,1
188.02,139.41,1
187.72,139.96,1
187.42,140.86,1
187.27,141.23,1
187.12,141.77,1
186.67,142.5,1
186.37,143.41,1
185.92,144.68,1
185.48,145.95,1
185.18,146.67,1
184.73,148.49,1
184.43,149.94,1
184.13,151.58,1
183.68,152.85,1
183.23,154.12,1
182.63,155.57,1
182.33,156.48,1
182.18,157.39,1
181.73,159.38,1
181.58,161.02,1
181.28,162.29,1
180.98,163.56,1
180.68,164.47,1
180.24,165.56,1
179.79,166.47,1
179.34,167.55,1
178.74,168.83,1
178.44,169.92,1
178.29,170.1,1
177.99,171.19,1
177.54,172.82,1
177.09,174.27,1
176.64,175.91,1
176.34,176.82,1
175.89,177.72,1
175.6,178.45,1
175.15,179.54,1
174.7,180.27,1
174.55,180.81,1
174.4,181.17,1
174.25,181.35,1
173.95,181.9,1
173.65,182.26,1
173.5,182.44,1
173.5,182.44,1
173.2,182.63,1
172.6,182.63,1
172.0,182.63,1
171.7,182.63,1
171.7,182.63,1
171.7,182.63,1
171.1,180.99,1
171.1,180.63,1
170.95,179.9,1
170.95,179.18,1
171.1,178.27,1
171.25,177.72,1
171.4,177.18,1
171.55,176.82,1
171.7,176.27,1
172.0,175.36,1
172.45,174.27,1
172.6,173.37,1
172.75,172.28,1
173.05,170.64,1
173.05,170.28,1
173.2,169.73,1
173.2,169.19,1
173.35,168.28,1
173.65,167.01,1
173.95,165.74,1
174.25,164.65,1
174.7,163.2,1
174.85,162.29,1
175.3,160.84,1
175.74,159.2,1
175.89,158.29,1
176.34,156.84,1
176.79,155.75,1
177.24,154.48,1
177.39,153.94,1
177.84,152.85,1
178.29,151.58,1
178.59,150.49,1
178.89,149.4,1
179.19,147.94,1
179.49,146.86,1
179.79,145.58,1
180.09,144.31,1
180.39,143.41,1
180.68,142.13,1
180.98,141.04,1
181.28,140.14,1
181.43,139.41,1
181.73,138.32,1
182.33,136.32,1
182.63,134.69,1
183.08,133.06,1
183.38,131.97,1
183.98,129.97,1
184.13,128.88,1
184.43,127.97,1
185.03,126.34,1
185.48,125.07,1
185.77,123.98,1
186.22,123.07,1
186.67,121.98,1
186.97,121.07,1
187.27,120.16,1
187.57,119.26,1
187.57,117.98,1
187.57,117.98,1
187.42,117.08,1
187.12,115.99,1
186.52,115.08,1
186.07,114.72,1
185.62,114.35,1
184.73,113.99,1
183.68,113.99,1
182.63,114.17,1
181.43,114.35,1
181.13,114.35,1
179.94,114.35,1
179.34,114.35,1
178.89,114.35,1
177.99,114.17,1
177.39,114.17,1
176.64,113.99,1
175.74,113.81,1
175.0,113.63,1
174.4,113.63,1
173.65,113.45,1
172.9,113.45,1
171.85,113.45,1
170.95,113.45,1
170.36,113.45,1
169.91,113.45,1
168.71,113.45,1
168.26,113.45,1
167.51,113.45,1
166.01,113.45,1
164.82,113.45,1
163.62,113.45,1
162.27,113.45,1
160.48,113.26,1
159.13,113.26,1
158.23,113.26,1
157.03,113.26,1
156.28,113.08,1
155.09,113.08,1
154.19,113.08,1
153.59,113.26,1
152.69,113.26,1
152.09,113.26,1
151.19,113.26,1
150.15,113.26,1
148.8,113.26,1
148.05,113.26,1
147.0,113.08,1
145.81,112.9,1
144.01,112.36,1
143.11,112.17,1
142.51,112.17,1
141.91,111.99,1
141.61,111.99,1
140.12,111.99,1
139.37,111.81,1
138.02,111.81,1
137.27,111.99,1
135.78,112.17,1
135.03,112.17,1
133.98,112.17,1
132.48,112.36,1
131.88,112.36,1
131.14,112.54,1
129.94,112.54,1
129.19,112.54,1
127.99,112.54,1
127.24,112.54,1
126.49,112.54,1
125.45,112.36,1
124.55,112.17,1
123.8,111.81,1
123.2,111.63,1
122.0,111.27,1
121.26,110.9,1
120.21,110.36,1
119.91,110.18,1
119.16,109.63,1
118.26,109.09,1
117.96,108.54,1
117.51,107.82,1
117.06,106.55,1
116.91,105.09,1
117.06,103.28,1
117.21,101.82,1
117.36,101.46,1
117.51,100.92,1
117.66,99.83,1
117.81,98.92,1
117.81,98.01,1
117.81,97.1,1
117.66,96.01,1
117.66,95.65,1
117.51,95.29,1
117.06,93.47,1
116.61,92.75,1
115.72,91.47,1
114.82,90.93,1
113.77,90.38,1
112.87,89.84,1
111.38,89.3,1
110.63,89.11,1
109.58,88.75,1
108.23,88.39,1
106.88,88.39,1
105.39,88.21,1
104.94,88.21,1
103.89,88.02,1
103.14,87.84,1
101.79,87.12,1
101.05,86.93,1
100.0,86.57,1
99.25,86.21,1
98.2,85.85,1
97.3,85.48,1
96.41,84.94,1
95.96,84.76,1
95.51,84.57,1
94.31,84.21,1
93.41,83.85,1
92.96,83.67,1
92.96,83.67,1
92.96,83.67,1
92.81,83.49,1
92.36,82.94,1
92.06,82.03,1
92.06,80.94,1
92.21,79.49,1
92.51,78.4,1
92.66,77.49,1
92.96,76.04,1
93.11,75.31,1
93.26,74.59,1
93.41,73.86,1
93.56,73.14,1
93.56,72.77,1
93.56,72.59,1
93.71,72.23,1
93.86,71.14,1
94.16,70.23,1
94.31,69.87,1
94.76,69.32,1
95.21,68.96,1
95.51,68.78,1
95.96,68.78,1
96.41,68.78,1
97.0,68.78,1
97.9,68.78,1
98.35,68.78,1
98.95,68.96,1
99.7,69.14,1
100.6,69.14,1
101.05,69.14,1
101.49,69.32,1
101.94,69.32,1
102.69,69.32,1
103.89,69.32,1
104.79,69.32,1
105.84,69.32,1
107.18,69.5,1
108.23,69.5,1
109.13,69.5,1
109.73,69.69,1
110.33,69.69,1
110.93,69.69,1
111.38,69.87,1
111.97,69.87,1
112.72,69.87,1
113.17,69.87,1
113.62,69.87,1
114.37,70.05,1
114.82,70.05,1
115.42,70.23,1
116.17,70.23,1
117.06,70.41,1
117.81,70.41,1
118.56,70.59,1
119.91,70.77,1
121.55,71.32,1
122.9,71.68,1
123.65,71.86,1
125.0,72.05,1
126.05,72.41,1
126.79,72.59,1
127.84,72.77,1
129.04,73.14,1
130.69,73.32,1
131.73,73.5,1
133.23,73.68,1
135.33,73.68,1
136.97,73.68,1
138.32,73.5,1
139.82,73.5,1
141.16,73.5,1
142.21,73.5,1
142.96,73.5,1
143.71,73.5,1
144.91,73.68,1
145.81,73.86,1
146.4,74.04,1
147.9,74.22,1
149.25,74.59,1
150.45,74.95,1
151.64,75.13,1
152.84,75.5,1
154.19,75.86,1
155.69,76.22,1
157.18,76.4,1
158.83,76.59,1
160.03,76.77,1
161.52,76.77,1
163.62,77.13,1
165.27,77.31,1
166.01,77.31,1
166.91,77.49,1
167.81,77.49,1
168.86,77.31,1
170.06,76.95,1
171.25,76.59,1
171.85,76.22,1
172.45,75.86,1
173.2,75.31,1
173.95,74.22,1
174.4,73.14,1
173.8,71.68,1
172.45,70.59,1
170.8,70.05,1
169.46,69.87,1
167.96,69.69,1
165.86,69.32,1
164.67,69.14,1
163.32,68.78,1
161.52,68.05,1
160.03,66.96,1
158.83,65.87,1
157.78,64.96,1
156.88,63.87,1
156.28,62.79,1
155.98,62.42,1
155.39,61.51,1
155.09,60.79,1
154.64,59.7,1
154.19,58.79,1
153.74,57.7,1
153.29,56.43,1
152.99,55.52,1
152.69,54.61,1
152.24,52.98,1
151.64,51.53,1
151.49,50.44,1
151.19,49.35,1
151.04,47.9,1
150.9,46.44,1
150.75,45.17,1
150.9,42.63,1
150.9,42.09,1
150.9,41.18,1
150.75,40.09,1
150.6,39.0,1
150.15,37.18,1
150.0,36.28,1
149.85,35.0,1
149.55,33.91,1
149.4,32.83,1
149.25,31.92,1
148.95,30.65,1
148.8,29.56,1
148.65,28.65,1
148.65,27.74,1
148.5,27.01,1
148.5,26.65,1
148.5,25.93,1
148.35,24.84,1
148.35,23.93,1
148.35,23.02,1
148.35,22.29,1
148.35,21.39,1
148.35,21.02,1
148.35,20.3,1
148.35,19.93,1
148.35,19.39,1
148.35,19.03,1
148.35,18.66,1
148.35,18.3,1
148.35,17.94,1
148.35,17.39,1
148.2,16.85,1
147.75,15.76,1
147.0,14.85,1
146.25,14.49,1
145.81,14.12,1
145.36,13.94,1
144.76,13.76,1
143.86,13.58,1
143.11,13.4,1
142.81,13.4,1
142.21,13.22,1
141.16,12.85,1
140.72,12.85,1
140.42,12.49,1
139.67,11.94,1
139.37,11.58,1
138.92,10.31,1
138.92,9.58,1
139.07,8.68,1
139.22,8.13,1
139.37,7.77,1
139.97,7.4,1
140.12,7.4,1
140.72,7.4,1
141.31,7.22,1
141.91,7.22,1
142.81,7.4,1
143.26,7.4,1
143.56,7.59,1
143.86,7.77,1
144.31,8.31,1
144.31,8.49,1
144.46,9.04,1
144.46,10.13,1
144.46,11.22,1
144.16,11.76,1
143.56,12.49,1
143.11,12.85,1
142.66,13.22,1
142.21,13.4,1
141.61,13.76,1
141.02,13.94,1
140.42,14.3,1
139.97,14.49,1
139.67,14.67,1
139.22,14.85,1
138.47,15.21,1
137.87,15.76,1
137.27,16.12,1
136.67,16.85,1
135.93,17.75,1
135.48,18.66,1
134.58,20.11,1
134.43,20.66,1
134.28,21.2,1
133.98,21.93,1
133.98,23.02,1
133.68,24.65,1
133.53,25.38,1
133.38,26.47,1
133.38,27.2,1
133.38,28.47,1
133.38,29.38,1
133.53,30.65,1
133.68,32.1,1
133.83,32.64,1
133.83,33.37,1
133.83,34.28,1
133.83,35.0,1
133.68,36.82,1
133.38,37.73,1
133.08,38.82,1
132.93,39.73,1
132.63,40.45,1
132.33,41.18,1
132.03,42.09,1
131.58,43.36,1
131.28,44.26,1
130.99,45.72,1
130.69,46.81,1
130.54,48.26,1
130.39,49.71,1
130.24,51.16,1
130.09,52.62,1
129.94,53.52,1
129.79,54.25,1
129.79,55.16,1
129.64,56.61,1
129.64,57.34,1
129.64,58.43,1
129.64,59.34,1
129.64,60.24,1
129.49,61.33,1
129.19,62.06,1
128.74,63.15,1
127.84,64.06,1
126.94,64.42,1
125.9,64.6,1
125.0,64.6,1
123.35,64.6,1
121.55,64.42,1
120.51,64.24,1
119.61,64.24,1
118.86,64.42,1
118.11,64.6,1
117.81,65.51,1
117.66,66.42,1
118.11,67.69,1
118.71,68.41,1
119.31,68.6,1
120.21,68.96,1
120.96,69.14,1
121.85,69.32,1
122.75,69.5,1
123.65,69.69,1
124.1,69.69,1
124.7,69.87,1
125.3,69.87,1
126.2,70.05,1
126.64,70.05,1
127.69,70.23,1
128.44,70.41,1
129.34,70.41,1
130.99,70.59,1
131.88,70.59,1
132.93,70.59,1
133.83,70.59,1
135.48,70.59,1
136.67,70.77,1
138.02,71.14,1
139.37,71.32,1
140.57,71.5,1
141.91,71.5,1
142.96,71.32,1
144.01,71.32,1
145.36,71.32,1
146.55,71.32,1
148.35,71.14,1
149.85,71.14,1
150.9,71.14,1
152.09,71.32,1
153.14,71.5,1
154.04,71.86,1
155.09,72.05,1
155.84,72.23,1
156.88,72.59,1
157.93,72.95,1
158.98,72.95,1
160.03,72.95,1
160.78,73.14,1
162.12,73.14,1
164.07,73.32,1
165.86,73.86,1
167.51,74.59,1
168.26,74.95,1
168.71,75.13,1
169.61,75.13,1
170.51,75.31,1
171.4,75.31,1
172.75,75.31,1
173.65,75.31,1
174.85,75.31,1
176.04,75.5,1
177.39,75.5,1
178.44,75.5,1
179.34,75.5,1
180.24,75.5,1
181.28,75.68,1
182.03,76.04,1
183.38,76.22,1
184.58,76.22,1
185.77,76.22,1
186.82,76.22,1
188.32,76.4,1
189.22,76.4,1
190.27,76.4,1
191.76,76.59,1
192.66,76.77,1
193.41,77.31,1
193.71,77.67,1
194.16,78.58,1
194.31,79.13,1
194.61,80.4,1
194.91,81.12,1
195.21,82.03,1
195.95,82.94,1
196.25,83.3,1
197.45,84.21,1
198.35,84.76,1
199.1,85.12,1
200.15,85.3,1
200.59,85.3,1
201.64,85.48,1
202.84,85.66,1
204.19,86.03,1
205.53,86.39,1
206.13,86.57,1
207.18,86.93,1
207.93,87.3,1
209.13,87.66,1
210.03,87.84,1
210.62,88.02,1
211.37,88.21,1
212.42,88.93,1
213.17,89.66,1
213.77,90.75,1
214.52,91.66,1
215.12,92.56,1
215.71,92.93,1
216.16,93.29,1
217.81,94.2,1
219.01,94.74,1
219.91,95.11,1
220.5,95.29,1
220.65,95.29,1
220.65,95.29,1
222.0,94.56,1
223.2,94.56,1
224.25,94.56,1
225.89,94.56,1
227.39,94.74,1
228.59,94.92,1
229.49,95.11,1
230.83,95.47,1
232.78,95.83,1
234.43,96.01,1
235.92,95.65,1
236.82,95.47,1
237.72,95.47,1
238.62,95.47,1
239.82,95.65,1
240.71,95.83,1
241.46,95.83,1
242.36,96.01,1
243.11,96.2,1
243.86,96.56,1
244.31,96.56,1
244.01,96.56,1
241.01,96.01,1
239.82,95.83,1
238.92,95.29,1
237.87,94.74,1
236.52,93.83,1
235.62,93.11,1
234.58,92.2,1
233.68,91.47,1
232.93,90.75,1
232.63,90.2,1
232.18,89.3,1
231.88,88.39,1
231.73,87.84,1
231.28,86.93,1
230.68,86.03,1
230.38,85.3,1
230.23,84.94,1
229.94,84.21,1
229.79,83.67,1
229.64,83.12,1
229.49,82.4,1
229.34,82.03,1
229.19,80.94,1
229.19,80.58,1
229.04,80.04,1
228.89,79.31,1
228.89,78.76,1
228.74,77.31,1
228.59,76.59,1
228.44,76.04,1
227.84,73.68,1
227.54,72.41,1
227.39,71.14,1
227.09,69.69,1
226.64,68.6,1
226.49,67.69,1
226.34,67.14,1
226.34,66.42,1
226.34,63.87,1
225.89,62.79,1
225.74,61.33,1
225.74,60.24,1
225.74,59.52,1
225.44,59.15,1
225.44,58.61,1
225.44,57.88,1
225.29,57.88,1
224.55,57.16,1
224.1,56.61,1
223.8,56.07,1
223.65,55.52,1
223.65,54.8,1
224.25,52.44,1
224.4,52.44,1
225.0,51.89,1
225.74,51.35,1
226.79,50.8,1
227.39,50.62,1
227.69,50.8,1
227.99,51.35,1
228.44,53.16,1
228.59,54.43,1
228.44,55.52,1
228.14,55.89,1
227.54,56.61,1
226.79,57.16,1
226.04,57.16,1
225.59,57.16,1
225.15,57.16,1
224.7,57.16,1
224.1,57.16,1
223.5,57.16,1
223.2,57.34,1
223.05,57.52,1
222.6,58.61,1
222.45,59.15,1
222.3,60.06,1
222.15,60.61,1
222.15,60.97,1
222.15,61.88,1
222.0,63.15,1
222.0,63.87,1
222.0,64.42,1
222.15,66.6,1
222.15,68.05,1
222.15,68.78,1
222.15,69.87,1
222.15,70.59,1
222.15,70.96,1
222.15,71.32,1
221.85,72.41,1
221.7,73.68,1
221.4,74.59,1
221.25,75.68,1
220.95,76.77,1
220.65,78.22,1
220.5,79.31,1
220.35,80.22,1
220.21,81.12,1
220.21,82.03,1
219.91,84.03,1
219.61,85.85,1
219.16,88.02,1
218.86,88.93,1
218.56,90.93,1
218.41,92.2,1
218.71,93.11,1
219.31,93.29,1
220.35,93.11,1
221.4,92.56,1
222.6,92.38,1
223.8,92.38,1
224.25,92.56,1
225.15,92.93,1
226.49,93.11,1
227.99,93.29,1
229.34,93.83,1
230.53,94.38,1
232.18,94.56,1
233.68,94.92,1
235.17,95.47,1
236.52,95.65,1
238.77,95.65,1
240.26,95.65,1
241.31,95.47,1
242.81,95.47,1
244.16,95.83,1
245.5,96.2,1
246.55,96.92,1
248.35,97.65,1
249.85,98.01,1
250.14,98.19,1
251.04,98.37,1
252.54,98.74,1
253.14,99.1,1
253.89,99.65,1
254.79,100.37,1
255.98,101.28,1
256.43,102.37,1
256.58,103.82,1
256.73,106.18,1
256.88,107.63,1
256.58,109.27,1
256.58,110.9,1
256.88,112.17,1
257.18,113.99,1
257.33,115.81,1
257.33,117.26,1
257.33,118.89,1
257.48,120.53,1
257.63,121.62,1
257.78,122.34,1
257.78,122.71,1
257.78,123.98,1
257.63,124.7,1
257.03,125.43,1
256.73,125.79,1
255.98,126.52,1
255.53,126.52,1
255.53,126.52,0
101.79,128.52,1
101.79,128.52,1
101.79,128.7,1
101.79,128.7,1
101.79,128.7,1
101.94,128.33,1
102.09,128.15,1
102.69,127.61,1
102.69,127.61,1
102.24,127.24,1
101.79,127.06,1
101.05,126.88,1
100.45,126.88,1
99.7,126.88,1
98.95,126.7,1
98.05,126.7,1
97.3,126.7,1
96.7,126.7,1
96.11,126.7,1
94.76,126.88,1
93.86,126.88,1
92.96,126.88,1
92.36,127.06,1
90.87,127.06,1
89.97,127.06,1
89.67,127.06,1
89.37,127.06,1
88.47,127.06,1
86.67,126.88,1
86.08,126.88,1
86.08,126.88,1
84.88,126.88,1
84.28,126.88,1
83.98,126.88,1
82.78,126.88,1
81.44,126.88,1
80.54,126.88,1
79.49,126.88,1
78.14,126.7,1
76.79,126.52,1
75.45,126.34,1
74.25,126.34,1
73.05,126.34,1
72.0,126.34,1
70.96,126.34,1
70.36,126.34,1
69.31,126.34,1
68.11,126.16,1
67.36,126.16,1
66.62,125.97,1
66.32,125.97,1
66.02,125.97,1
65.27,125.61,1
64.97,125.43,1
64.82,125.25,1
64.67,125.07,1
64.37,124.7,1
64.22,124.34,1
64.07,123.43,1
64.07,122.71,1
64.07,121.98,1
64.07,121.43,1
64.07,121.07,1
64.07,120.71,1
64.22,120.16,1
64.37,119.8,1
64.37,119.44,1
64.37,119.07,1
64.37,118.89,1
64.37,118.35,1
64.37,117.62,1
64.37,116.9,1
63.92,115.99,1
63.77,115.26,1
63.47,114.35,1
63.47,114.17,1
63.32,113.45,1
63.02,112.72,1
62.87,112.54,1
62.72,111.81,1
62.57,111.63,1
61.97,110.72,1
61.53,110.18,1
61.08,109.81,1
60.33,109.45,1
59.73,109.27,1
58.68,109.27,1
58.23,109.27,1
57.63,109.45,1
56.74,109.45,1
56.59,109.45,1
55.54,109.45,1
54.64,109.27,1
52.99,108.91,1
52.39,108.72,1
50.9,108.36,1
50.15,108.18,1
49.1,107.82,1
47.9,107.63,1
47.75,107.63,1
47.15,107.63,1
46.56,107.63,1
46.11,107.63,1
45.21,107.45,1
45.21,107.45,1
44.91,107.45,1
44.76,107.45,1
44.46,107.27,1
44.31,107.27,1
44.31,107.27,1
43.86,106.36,1
43.56,106.0,1
43.41,104.91,1
43.41,104.37,1
43.41,103.28,1
43.41,102.73,1
43.41,102.19,1
43.26,101.46,1
43.11,100.01,1
43.11,99.83,1
43.11,99.1,1
43.26,98.56,1
43.41,98.19,1
43.71,97.28,1
43.86,96.92,1
44.16,96.2,1
44.46,95.65,1
44.46,95.65,1
44.61,95.65,1
44.76,95.47,1
45.06,95.29,1
45.81,94.74,1
46.11,94.56,1
46.71,94.38,1
47.15,94.02,1
47.9,93.83,1
48.5,93.47,1
48.95,93.29,1
49.25,93.11,1
50.15,92.75,1
51.35,92.02,1
51.95,91.84,1
52.84,91.47,1
53.14,91.29,1
53.74,90.93,1
54.19,90.75,1
54.64,90.38,1
55.24,90.02,1
55.99,89.3,1
56.59,88.75,1
56.89,88.57,1
57.18,88.39,1
57.48,88.21,1
58.08,87.84,1
58.98,87.48,1
60.18,86.93,1
60.93,86.57,1
61.53,86.39,1
62.42,86.03,1
63.02,85.66,1
63.47,85.48,1
64.22,85.12,1
64.82,84.94,1
65.72,84.39,1
66.91,83.85,1
67.51,83.49,1
68.56,83.12,1
69.31,82.58,1
70.06,82.21,1
70.81,81.67,1
71.56,81.12,1
72.3,80.76,1
72.75,80.4,1
73.5,80.04,1
73.95,79.85,1
75.0,79.31,1
75.6,78.76,1
77.09,78.04,1
78.14,77.49,1
79.04,76.95,1
79.94,76.4,1
80.84,75.86,1
81.44,75.5,1
82.03,74.95,1
82.78,74.41,1
83.38,74.04,1
83.98,73.68,1
85.03,72.95,1
85.63,72.59,1
86.23,72.05,1
86.82,71.68,1
87.57,71.14,1
88.62,70.59,1
89.22,70.41,1
89.67,70.23,1
90.72,69.69,1
91.17,69.5,1
91.32,69.5,1
91.61,69.32,1
91.61,69.32,1
91.61,69.32,1
91.47,69.32,1
90.87,69.14,1
89.82,67.69,1
89.22,66.05,1
88.92,64.6,1
88.92,64.42,1
88.77,63.87,1
88.62,63.33,1
88.17,61.33,1
87.87,60.24,1
87.42,58.97,1
87.12,57.52,1
86.82,56.79,1
86.53,55.7,1
86.23,54.98,1
85.78,53.52,1
85.48,52.62,1
85.48,52.25,1
85.33,51.89,1
85.33,51.89,1
85.33,51.89,1
85.18,51.71,1
85.03,51.35,1
84.73,51.35,1
83.83,51.16,1
83.08,51.35,1
82.48,51.35,1
82.03,51.35,1
81.73,51.35,1
81.29,51.35,1
80.69,51.16,1
80.24,50.98,1
79.49,50.26,1
79.19,49.71,1
78.89,49.17,1
78.59,48.62,1
78.44,47.71,1
78.44,47.17,1
78.59,46.63,1
78.89,46.08,1
79.19,45.72,1
79.64,45.17,1
80.24,44.99,1
80.84,44.81,1
81.29,44.81,1
81.73,44.81,1
82.18,44.81,1
82.78,44.99,1
83.38,45.35,1
83.83,45.72,1
84.13,45.9,1
84.58,46.44,1
85.03,47.35,1
85.18,47.9,1
85.33,48.99,1
85.18,49.53,1
84.88,50.26,1
84.73,50.44,1
84.13,50.98,1
83.23,51.35,1
82.63,51.53,1
82.03,51.71,1
81.44,52.07,1
80.84,52.44,1
80.24,52.8,1
79.94,53.16,1
79.34,54.07,1
79.04,55.16,1
78.89,55.7,1
78.89,56.43,1
78.74,57.52,1
78.74,58.06,1
78.59,59.15,1
78.44,60.42,1
78.44,61.33,1
78.14,62.24,1
77.99,63.15,1
77.84,64.24,1
77.69,64.96,1
77.39,66.24,1
77.24,67.32,1
77.09,68.41,1
76.79,69.69,1
76.65,70.77,1
76.5,71.5,1
76.35,72.05,1
76.2,72.59,1
76.2,73.32,1
76.05,73.86,1
75.9,74.41,1
75.75,75.13,1
75.6,75.5,1
75.6,76.22,1
75.45,76.59,1
75.3,77.31,1
75.3,77.49,1
74.7,78.04,1
74.7,78.04,0
67.51,124.34,1
67.51,124.34,1
67.51,124.34,1
67.51,124.34,1
67.51,124.34,1
67.51,124.34,1
67.66,123.98,1
67.81,123.79,1
67.96,123.61,1
68.56,123.25,1
69.31,122.71,1
70.06,122.52,1
70.96,122.34,1
71.56,122.16,1
71.85,122.16,1
72.3,122.16,1
72.75,121.98,1
73.2,121.98,1
73.5,121.98,1
74.1,121.8,1
75.0,121.8,1
75.45,121.8,1
76.05,121.62,1
76.5,121.62,1
76.65,121.43,1
77.24,121.25,1
77.69,121.25,1
78.44,121.07,1
79.49,120.71,1
80.24,120.53,1
81.29,120.34,1
81.88,119.98,1
82.33,119.98,1
82.93,119.62,1
83.68,119.44,1
83.98,119.26,1
84.88,119.07,1
86.08,118.89,1
87.27,118.71,1
88.47,118.35,1
89.22,118.17,1
90.42,117.98,1
91.32,117.8,1
92.51,117.62,1
93.11,117.44,1
94.01,117.26,1
95.21,116.9,1
95.96,116.53,1
97.0,116.17,1
97.6,115.81,1
98.5,115.26,1
99.4,114.9,1
100.45,114.53,1
101.35,113.99,1
102.09,113.81,1
102.99,113.45,1
103.89,113.26,1
104.49,113.08,1
105.54,112.72,1
106.14,112.72,1
107.18,112.54,1
107.78,112.36,1
108.53,112.17,1
109.58,111.81,1
110.48,111.45,1
111.23,111.27,1
111.97,111.08,1
112.87,110.72,1
114.07,110.18,1
114.82,109.81,1
115.42,109.63,1
115.72,109.45,1
116.32,109.09,1
116.91,108.72,1
117.06,108.54,1
117.36,107.45,1
116.91,106.91,1
115.57,106.73,1
114.67,106.91,1
114.07,107.27,1
113.32,107.45,1
112.87,107.63,1
112.12,107.82,1
111.23,108.0,1
110.48,108.18,1
109.73,108.18,1
108.83,108.36,1
107.78,108.36,1
106.88,108.36,1
106.14,108.54,1
105.39,108.54,1
104.94,108.72,1
104.04,108.91,1
103.14,108.91,1
102.84,109.09,1
102.54,109.09,1
102.39,109.27,1
102.09,109.45,1
101.79,109.45,1
101.2,109.63,1
100.75,110.0,1
99.7,110.54,1
99.1,110.72,1
98.5,111.08,1
97.9,111.27,1
97.45,111.45,1
97.15,111.63,1
96.26,111.99,1
95.36,112.36,1
94.61,112.54,1
93.26,112.9,1
91.91,113.26,1
91.47,113.26,1
90.87,113.45,1
90.57,113.45,1
89.97,113.63,1
89.52,113.81,1
88.62,113.99,1
87.87,113.99,1
87.12,114.17,1
86.67,114.35,1
85.33,114.72,1
84.43,115.08,1
83.68,115.26,1
82.93,115.62,1
82.18,115.81,1
81.44,116.17,1
80.24,116.53,1
79.64,116.71,1
79.04,116.9,1
78.14,117.26,1
77.24,117.44,1
76.65,117.62,1
76.2,117.8,1
75.45,117.98,1
74.7,118.17,1
73.65,118.35,1
72.75,118.53,1
72.15,118.71,1
71.71,118.89,1
71.11,119.07,1
70.36,119.44,1
69.91,119.44,1
69.31,119.62,1
68.71,119.8,1
68.41,119.98,1
68.11,119.98,1
67.96,119.98,1
67.81,119.8,1
67.36,119.07,1
67.36,118.35,1
67.36,117.62,1
67.36,117.26,1
67.51,116.53,1
67.51,115.81,1
67.51,115.26,1
67.66,114.72,1
67.66,114.35,1
67.81,113.99,1
67.96,113.26,1
68.26,112.72,1
68.56,111.99,1
68.71,111.63,1
69.01,111.08,1
69.01,110.72,1
69.16,110.36,1
69.31,109.81,1
69.46,109.09,1
69.31,108.91,1
68.86,108.0,1
68.41,107.63,1
67.66,106.91,1
67.06,106.55,1
66.47,106.18,1
65.87,106.0,1
65.12,105.64,1
64.37,105.64,1
63.62,105.46,1
62.87,105.46,1
62.27,105.46,1
61.68,105.46,1
60.93,105.46,1
60.18,105.46,1
59.73,105.46,1
59.13,105.46,1
58.38,105.46,1
57.63,105.46,1
56.59,105.64,1
55.84,105.64,1
55.09,105.64,1
54.49,105.64,1
53.74,105.27,1
53.14,105.09,1
52.54,104.91,1
51.8,104.55,1
51.5,104.37,1
51.5,104.37,1
51.35,104.37,1
51.35,103.46,1
51.35,103.46,1
51.5,103.46,1
51.95,103.1,1
52.69,102.91,1
53.14,102.91,1
54.34,102.91,1
55.24,103.28,1
56.14,103.64,1
57.48,104.0,1
58.38,104.37,1
59.43,104.73,1
60.48,104.91,1
61.53,105.09,1
63.17,105.46,1
64.37,105.46,1
65.57,105.27,1
66.62,105.09,1
67.51,104.73,1
68.41,104.37,1
69.16,104.18,1
69.91,103.82,1
70.66,103.46,1
70.96,103.28,1
70.36,103.28,1
69.31,103.46,1
68.56,103.46,1
67.51,103.28,1
66.32,102.91,1
64.82,102.37,1
64.07,102.01,1
63.47,101.46,1
63.02,101.1,1
62.87,100.73,1
62.87,100.37,1
63.02,100.37,1
64.22,100.01,1
65.27,100.19,1
65.87,100.55,1
67.06,101.28,1
67.96,101.82,1
68.41,102.01,1
68.86,102.01,1
69.31,101.82,1
69.46,101.82,1
69.31,101.28,1
68.26,100.19,1
67.66,99.46,1
67.66,99.28,1
67.81,98.92,1
68.26,98.74,1
69.01,98.56,1
70.06,98.92,1
71.11,99.46,1
72.3,100.19,1
73.35,100.55,1
74.4,100.92,1
75.3,100.92,1
76.2,101.1,1
76.94,101.1,1
77.99,100.92,1
79.34,100.92,1
80.24,100.73,1
80.99,100.73,1
81.59,100.73,1
82.18,100.55,1
82.78,100.19,1
83.38,99.83,1
84.28,99.1,1
84.58,98.37,1
84.73,97.83,1
84.28,97.47,1
83.23,97.1,1
82.48,97.28,1
81.73,97.65,1
80.69,98.01,1
79.49,98.37,1
78.29,98.37,1
77.09,98.01,1
76.05,97.47,1
75.6,96.92,1
75.0,96.01,1
75.15,94.92,1
75.9,94.38,1
76.79,94.2,1
77.69,94.2,1
78.29,94.2,1
78.59,94.38,1
79.34,94.56,1
80.09,94.92,1
80.84,95.11,1
81.73,95.47,1
82.63,95.83,1
83.53,96.2,1
84.13,96.38,1
84.73,96.38,1
85.18,95.65,1
84.13,94.92,1
83.08,94.2,1
82.48,93.83,1
82.63,92.2,1
83.38,91.84,1
84.28,92.02,1
85.63,93.11,1
86.23,93.83,1
86.67,94.38,1
87.12,94.74,1
87.87,95.29,1
88.62,95.47,1
88.92,95.65,1
89.52,95.65,1
89.97,95.65,1
90.27,95.65,1
90.72,95.47,1
91.02,95.47,1
91.02,94.74,1
90.57,94.02,1
89.67,93.29,1
89.07,92.93,1
88.17,92.56,1
87.42,92.38,1
87.12,92.02,1
86.97,91.47,1
87.57,90.75,1
88.17,90.38,1
88.77,90.2,1
90.12,90.75,1
91.02,91.29,1
91.61,91.47,1
92.21,91.66,1
92.96,92.02,1
93.41,92.2,1
94.01,92.38,1
94.76,92.75,1
95.21,92.93,1
95.21,92.56,1
94.61,91.66,1
93.86,90.93,1
93.26,90.38,1
93.11,89.66,1
94.46,89.48,1
95.51,90.02,1
96.41,90.38,1
96.85,90.57,1
97.6,90.93,1
98.8,91.11,1
99.4,91.29,1
100.15,91.47,1
100.45,91.47,1
100.6,91.47,1
100.6,91.47,1
100.15,91.29,1
99.55,91.11,1
98.95,90.38,1
98.2,89.84,1
96.85,89.11,1
95.81,88.75,1
94.91,88.75,1
94.01,88.57,1
93.26,88.39,1
92.36,88.21,1
91.47,88.02,1
90.57,87.48,1
89.82,86.93,1
89.52,86.57,1
89.07,86.21,1
88.62,84.94,1
88.47,84.21,1
88.32,83.12,1
88.32,81.85,1
88.32,81.49,1
88.32,80.94,1
88.47,80.58,1
88.47,79.85,1
88.47,79.85,1
87.27,80.22,1
86.67,80.58,1
85.93,80.76,1
85.18,80.94,1
84.58,81.12,1
83.83,81.49,1
83.23,81.67,1
82.78,81.85,1
82.33,81.85,1
81.29,82.21,1
80.54,82.58,1
80.09,82.58,1
79.64,82.76,1
79.19,82.94,1
78.89,83.12,1
78.44,83.3,1
77.84,83.67,1
77.24,84.03,1
76.2,84.39,1
75.6,84.76,1
75.0,84.94,1
74.55,85.3,1
73.65,85.48,1
73.2,85.85,1
72.6,86.03,1
72.0,86.21,1
71.56,86.57,1
70.51,86.75,1
69.76,86.93,1
68.56,87.48,1
67.66,88.02,1
66.91,88.39,1
66.17,88.57,1
65.42,88.93,1
64.37,89.3,1
63.77,89.84,1
62.87,90.38,1
62.27,90.75,1
61.68,91.47,1
60.93,92.02,1
60.48,92.56,1
60.03,93.29,1
59.73,93.47,1
59.13,94.2,1
58.83,94.38,1
58.08,94.92,1
57.33,95.47,1
56.44,95.83,1
55.84,96.01,1
54.94,96.38,1
54.34,96.56,1
53.44,96.92,1
52.24,97.28,1
51.8,97.47,1
51.2,97.65,1
50.45,98.01,1
49.7,98.19,1
48.95,98.56,1
48.5,98.92,1
48.05,99.28,1
47.75,99.65,1
47.45,100.01,1
47.15,100.73,1
47.01,100.73,1
47.01,100.73,1
47.01,100.92,1
47.15,101.64,1
47.15,101.82,1
47.45,101.64,1
47.75,101.64,1
47.9,101.64,1
48.05,101.64,1
48.35,101.46,1
48.95,101.1,1
49.55,100.92,1
50.0,100.73,1
50.45,100.55,1
51.2,100.37,1
51.8,100.01,1
52.69,99.65,1
52.99,99.46,1
53.44,99.28,1
53.89,98.92,1
54.64,98.56,1
55.09,98.19,1
55.54,97.83,1
55.84,97.65,1
56.59,97.1,1
57.33,96.74,1
57.93,96.38,1
58.68,95.83,1
59.28,95.65,1
59.88,95.29,1
60.33,95.11,1
61.08,94.74,1
61.23,94.56,1
61.53,94.56,1
62.12,94.2,1
62.57,94.02,1
63.17,93.65,1
63.92,93.29,1
64.67,93.11,1
65.72,92.75,1
66.32,92.56,1
67.06,92.38,1
67.96,92.02,1
68.71,91.66,1
69.61,91.29,1
70.21,91.11,1
70.96,90.75,1
71.71,90.38,1
72.6,90.2,1
73.5,89.84,1
74.55,89.3,1
75.6,88.93,1
76.65,88.57,1
77.39,88.21,1
78.29,88.02,1
79.64,87.48,1
80.39,87.12,1
80.84,86.93,1
81.73,86.57,1
82.18,86.39,1
82.78,86.21,1
83.23,85.85,1
83.83,85.66,1
84.73,85.3,1
85.18,85.12,1
85.48,84.94,1
85.93,84.76,1
86.23,84.57,1
87.42,84.21,1
87.42,84.21,0
129.79,113.81,1
129.79,113.81,1
129.79,113.81,1
129.79,113.81,1
129.79,113.81,1
129.79,113.81,1
129.64,113.99,1
129.34,114.17,1
128.89,114.35,1
128.59,114.53,1
128.29,114.72,1
127.99,114.72,1
127.39,115.08,1
126.79,115.26,1
126.34,115.44,1
125.6,115.62,1
124.85,115.81,1
123.65,116.17,1
122.6,116.35,1
121.26,116.35,1
120.21,116.53,1
119.01,116.53,1
118.41,116.71,1
117.81,116.71,1
116.91,116.9,1
115.87,117.08,1
114.82,117.26,1
113.47,117.62,1
112.72,117.8,1
111.67,118.17,1
111.08,118.35,1
110.33,118.53,1
109.58,118.89,1
108.53,119.07,1
108.08,119.26,1
107.63,119.26,1
107.03,119.44,1
106.58,119.62,1
106.14,119.62,1
105.84,119.8,1
105.24,119.98,1
104.64,120.16,1
104.04,120.34,1
103.44,120.53,1
102.99,120.89,1
102.39,121.07,1
102.39,121.25,1
102.39,121.25,1
103.59,122.34,1
104.19,123.07,1
104.64,123.61,1
105.54,124.7,1
106.14,125.79,1
107.18,127.06,1
108.08,128.15,1
108.83,129.24,1
109.43,129.79,1
110.18,130.69,1
110.63,131.24,1
111.52,132.15,1
112.42,133.06,1
113.02,133.6,1
113.77,134.33,1
114.52,135.05,1
114.97,135.6,1
115.42,135.96,1
116.17,136.51,1
116.46,136.69,1
116.91,136.69,1
117.96,136.87,1
119.46,137.05,1
120.06,137.05,1
120.21,137.05,1
121.55,137.05,1
122.3,137.05,1
122.45,137.05,1
123.2,137.05,1
124.1,136.87,1
125.45,136.69,1
126.49,136.69,1
127.39,136.51,1
127.84,136.51,1
128.14,136.51,1
129.04,136.32,1
129.79,136.14,1
130.69,135.96,1
131.73,135.78,1
132.78,135.6,1
134.13,135.23,1
136.08,134.69,1
136.82,134.51,1
137.57,134.33,1
138.32,134.33,1
139.22,134.14,1
139.97,134.14,1
140.72,134.14,1
141.61,134.14,1
142.36,134.14,1
142.81,134.14,1
143.41,134.33,1
144.01,134.33,1
143.41,132.87,1
143.11,132.51,1
142.36,131.6,1
141.31,130.33,1
140.42,129.42,1
139.22,127.61,1
138.17,126.34,1
137.42,125.25,1
136.67,124.16,1
135.93,123.07,1
134.88,121.43,1
134.13,120.34,1
133.53,119.44,1
132.63,117.8,1
132.03,117.08,1
131.28,115.99,1
130.84,115.26,1
130.84,115.08,1
130.84,115.08,1
130.39,114.35,1
130.39,114.17,1
130.84,113.99,1
131.28,113.99,1
131.88,113.99,1
132.78,113.99,1
133.98,114.17,1
134.88,114.35,1
135.93,114.53,1
136.82,114.72,1
137.57,114.9,1
138.77,115.26,1
139.52,115.44,1
141.02,115.62,1
141.61,115.62,1
142.21,115.62,1
142.66,115.81,1
142.51,115.99,1
141.61,117.08,1
141.02,117.98,1
140.42,118.71,1
139.82,119.44,1
139.67,119.62,1
139.37,119.98,1
139.37,120.16,1
139.22,120.53,1
138.92,120.89,1
138.77,121.07,1
138.62,121.43,1
138.62,121.43,1
138.02,121.43,1
138.02,121.43,0
